Kudos Date,Kudos Type,Parent ID
"Dec 1, 2015, 7:37:13 AM",Activity,442339505
"Dec 1, 2015, 7:38:03 AM",Activity,440491684
"Dec 1, 2015, 7:38:07 AM",Activity,440064013
"Dec 1, 2015, 7:38:44 AM",Activity,438995187
"Dec 7, 2015, 5:39:46 PM",Activity,445026357
"Dec 7, 2015, 5:39:49 PM",Activity,444416204
"Dec 27, 2015, 5:46:09 AM",Activity,456893813
"Jan 31, 2016, 6:24:34 AM",Activity,482309464
"Feb 18, 2016, 5:56:03 PM",Activity,495362946
"Feb 18, 2016, 5:56:15 PM",Activity,495322508
"Feb 28, 2016, 5:16:41 AM",Activity,504067535
"Apr 3, 2016, 8:57:51 AM",Activity,534009174
"Apr 3, 2016, 8:58:02 AM",Activity,533006702
"Jun 10, 2016, 5:09:53 AM",Activity,603508624
"Jun 23, 2016, 4:43:11 AM",Activity,617019390
"Jul 31, 2016, 7:08:15 AM",Activity,659223815
"Sep 6, 2016, 3:34:48 AM",Activity,701902761
"Oct 30, 2016, 5:25:07 AM",Activity,759984041
"Feb 16, 2017, 7:13:42 AM",Activity,868068612
"Apr 14, 2017, 9:50:50 PM",Activity,941250973
"May 4, 2017, 5:43:29 AM",Feed Entry,71534518
"May 12, 2017, 10:02:38 PM",Activity,983214826
"Feb 18, 2018, 1:39:45 AM",Activity,1412886494
"Mar 17, 2018, 1:05:43 AM",Activity,1455507144
"Mar 19, 2018, 5:29:22 PM",Activity,1460509805
"Mar 30, 2018, 8:22:21 AM",Activity,1479089274
"Mar 31, 2018, 12:37:34 AM",Activity,1480595565
"Apr 1, 2018, 5:24:44 AM",Activity,1482661086
"Jun 4, 2018, 1:26:59 AM",Activity,1613429284
"Jun 15, 2018, 8:05:56 AM",Activity,1639170873
"Jul 11, 2018, 7:26:54 PM",Activity,1694753276
"Jul 11, 2018, 7:27:01 PM",Activity,1694938830
"Jul 11, 2018, 7:27:45 PM",Activity,1690479854
"Jul 11, 2018, 7:27:50 PM",Activity,1692533699
"Jul 24, 2018, 7:04:15 AM",Activity,1722042168
"Jul 27, 2018, 8:08:08 PM",Activity,1728503999
"Aug 7, 2018, 8:47:36 AM",Activity,1755404205
"Sep 23, 2018, 5:48:13 AM",Activity,1859557315
"Sep 23, 2018, 5:48:14 AM",Activity,1859481346
"Sep 23, 2018, 5:48:15 AM",Activity,1859397802
"Oct 14, 2018, 6:42:55 AM",Activity,1902927991
"Oct 14, 2018, 6:42:56 AM",Activity,1903203549
"Oct 21, 2018, 10:30:07 PM",Activity,1917573709
"Oct 21, 2018, 10:30:07 PM",Activity,1919702202
"Dec 4, 2018, 5:22:09 AM",Activity,1999078797
"Dec 9, 2018, 8:30:49 PM",Activity,2007316254
"Dec 9, 2018, 8:30:50 PM",Activity,2007413674
"Dec 9, 2018, 8:32:06 PM",Activity,2004233583
"Dec 11, 2018, 8:58:58 AM",Activity,2011116298
"Dec 11, 2018, 8:58:58 AM",Activity,2011078400
"Dec 12, 2018, 12:51:30 AM",Activity,2011162685
"Dec 16, 2018, 1:33:55 AM",Activity,2017537247
"Dec 16, 2018, 1:33:56 AM",Activity,2017553459
"Dec 19, 2018, 12:22:00 AM",Activity,2024093669
"Dec 24, 2018, 5:18:32 PM",Activity,2030803775
"Dec 30, 2018, 6:23:11 AM",Activity,2043252995
"Dec 31, 2018, 8:43:38 PM",Activity,2046758844
"Dec 31, 2018, 8:43:40 PM",Activity,2045999606
"Dec 31, 2018, 8:44:07 PM",Activity,2045438120
"Jan 6, 2019, 7:25:30 AM",Activity,2058713731
"Jan 7, 2019, 1:48:24 AM",Activity,2058848631
"Jan 7, 2019, 1:49:19 AM",Activity,2061168651
"Jan 7, 2019, 1:49:21 AM",Activity,2060799602
"Jan 13, 2019, 6:16:57 AM",Activity,2074740489
"Jan 15, 2019, 5:21:58 PM",Activity,2079654837
"Jan 15, 2019, 5:22:00 PM",Activity,2079638561
"Jan 16, 2019, 5:24:59 PM",Activity,2081918981
"Jan 20, 2019, 7:28:01 AM",Activity,2090605647
"Jan 23, 2019, 1:14:18 AM",Activity,2095236040
"Jan 23, 2019, 1:14:18 AM",Activity,2095192161
"Feb 3, 2019, 7:57:11 AM",Activity,2120588193
"Feb 5, 2019, 6:14:56 AM",Activity,2124981725
"Feb 11, 2019, 7:32:19 AM",Activity,2138377186
"Feb 16, 2019, 7:22:11 PM",Activity,2151999998
"Feb 26, 2019, 5:13:34 AM",Activity,2175857387
"Feb 27, 2019, 6:23:55 AM",Activity,2178181016
"Feb 27, 2019, 6:24:09 AM",Activity,2177571178
"Mar 6, 2019, 6:46:18 AM",Activity,2192058068
"Mar 6, 2019, 6:46:19 AM",Activity,2191897097
"Mar 6, 2019, 6:46:21 AM",Activity,2191970310
"Mar 20, 2019, 7:03:48 AM",Activity,2223575273
"Apr 8, 2019, 12:12:44 AM",Activity,2267827532
"Apr 28, 2019, 8:29:47 AM",Activity,2324275476
"May 11, 2019, 7:50:38 AM",Activity,2357597265
"May 25, 2019, 1:30:08 AM",Activity,2394454853
"May 30, 2019, 6:14:23 PM",Activity,2408234018
"Jun 21, 2019, 9:10:18 AM",Activity,2467494572
"Jun 21, 2019, 9:24:30 AM",Activity,2450756709
"Jun 28, 2019, 7:58:04 PM",Activity,2486226005
"Jun 30, 2019, 3:24:11 AM",Activity,2491027568
"Jun 30, 2019, 3:24:12 AM",Activity,2488659217
"Jun 30, 2019, 4:10:20 AM",Activity,2491408524
"Jun 30, 2019, 4:10:39 AM",Activity,2491406200
"Jul 14, 2019, 3:31:29 AM",Activity,2530054436
"Jul 14, 2019, 3:31:37 AM",Activity,2529895406
"Jul 17, 2019, 5:05:27 AM",Activity,2535779999
"Aug 7, 2019, 5:37:31 AM",Activity,2597568682
"Sep 7, 2019, 6:31:19 AM",Activity,2686015309
"Sep 16, 2019, 2:10:00 AM",Activity,2709850178
"Sep 16, 2019, 2:10:25 AM",Activity,2709408918
"Sep 20, 2019, 8:40:33 AM",Activity,2724089184
"Sep 22, 2019, 8:14:34 AM",Activity,2729497515
"Sep 26, 2019, 8:02:13 AM",Activity,2740637773
"Sep 27, 2019, 2:45:50 AM",Activity,2742320030
"Oct 11, 2019, 8:49:19 AM",Activity,2778865416
"Oct 19, 2019, 8:24:23 AM",Activity,2799533514
"Nov 10, 2019, 5:43:11 AM",Activity,2853808893
"Nov 13, 2019, 6:01:30 AM",Activity,2861163912
"Nov 19, 2019, 6:35:45 AM",Activity,2873391495
"Dec 5, 2019, 9:44:16 PM",Activity,2912155775
"Dec 5, 2019, 9:44:26 PM",Activity,2912155394
"Dec 7, 2019, 4:44:39 AM",Activity,2916135693
"Dec 21, 2019, 3:50:21 AM",Activity,2945513044
"Dec 21, 2019, 10:49:49 PM",Activity,2946227948
"Dec 21, 2019, 10:50:06 PM",Activity,2945962093
"Dec 22, 2019, 5:50:42 PM",Activity,2948400681
"Dec 24, 2019, 7:10:41 AM",Activity,2951558941
"Dec 24, 2019, 7:10:59 AM",Activity,2950639731
"Dec 25, 2019, 12:28:01 AM",Activity,2954253494
"Dec 25, 2019, 5:19:00 AM",Activity,2954619466
"Dec 25, 2019, 5:20:13 AM",Activity,2952493714
"Dec 25, 2019, 8:00:36 AM",Activity,2954726876
"Dec 25, 2019, 8:01:28 AM",Activity,2954722628
"Dec 25, 2019, 8:01:55 AM",Activity,2954790387
"Dec 26, 2019, 4:16:27 AM",Activity,2956554428
"Dec 26, 2019, 4:33:44 AM",Activity,2956577796
"Dec 26, 2019, 4:34:04 AM",Activity,2956312703
"Dec 27, 2019, 6:22:27 AM",Activity,2959034996
"Dec 28, 2019, 1:04:12 AM",Activity,2960881875
"Dec 28, 2019, 7:01:39 AM",Activity,2961461250
"Dec 28, 2019, 7:01:39 AM",Activity,2961478100
"Dec 29, 2019, 6:17:18 AM",Activity,2963607560
"Dec 29, 2019, 6:17:52 AM",Activity,2963876726
"Dec 30, 2019, 5:30:01 AM",Activity,2966584022
"Dec 30, 2019, 5:30:30 AM",Activity,2964502627
"Dec 30, 2019, 8:57:35 PM",Activity,2968700227
"Dec 30, 2019, 8:59:11 PM",Activity,2966709831
"Dec 31, 2019, 4:39:47 AM",Activity,2968993757
"Dec 31, 2019, 4:39:48 AM",Activity,2969010210
"Dec 31, 2019, 8:29:44 PM",Activity,2971170471
"Jan 2, 2020, 6:57:23 AM",Activity,2974569981
"Jan 2, 2020, 6:57:29 AM",Activity,2974557637
"Jan 2, 2020, 6:02:43 PM",Activity,2974797940
"Jan 3, 2020, 4:26:06 AM",Activity,2977284738
"Jan 4, 2020, 5:32:57 AM",Activity,2977343871
"Jan 4, 2020, 7:06:01 AM",Activity,2979816468
"Jan 5, 2020, 6:01:20 PM",Activity,2983089772
"Jan 7, 2020, 6:04:56 AM",Activity,2989011867
"Jan 8, 2020, 5:51:25 PM",Activity,2992062828
"Jan 13, 2020, 6:53:05 AM",Activity,3006867067
"Jan 14, 2020, 5:41:05 AM",Activity,3009487792
"Jan 15, 2020, 2:41:20 AM",Activity,3009762939
"Jan 15, 2020, 7:00:53 AM",Activity,3012430857
"Jan 17, 2020, 6:23:11 AM",Activity,3018158547
"Jan 17, 2020, 6:23:20 AM",Activity,3018172235
"Jan 17, 2020, 6:23:33 AM",Activity,3017567487
"Jan 19, 2020, 7:25:00 AM",Activity,3023647684
"Jan 21, 2020, 1:24:15 AM",Activity,3026876531
"Jan 22, 2020, 5:38:06 AM",Activity,3029811650
"Jan 22, 2020, 5:38:08 AM",Activity,3031963780
"Jan 23, 2020, 6:42:03 AM",Activity,3034394149
"Jan 23, 2020, 6:42:26 AM",Activity,3032617285
"Jan 23, 2020, 6:42:51 AM",Activity,3032943328
"Jan 25, 2020, 6:48:17 AM",Activity,3040402723
"Jan 25, 2020, 6:48:18 AM",Activity,3040381632
"Jan 25, 2020, 6:48:29 AM",Activity,3040369536
"Jan 26, 2020, 5:16:59 AM",Activity,3043725767
"Jan 29, 2020, 4:06:20 AM",Activity,3052304224
"Jan 29, 2020, 4:06:36 AM",Activity,3052594329
"Jan 29, 2020, 4:06:42 AM",Activity,3052602538
"Jan 29, 2020, 4:06:44 AM",Activity,3052602646
"Jan 29, 2020, 4:07:00 AM",Activity,3051920774
"Jan 29, 2020, 4:07:03 AM",Activity,3051920884
"Jan 31, 2020, 2:00:10 AM",Activity,3057274696
"Jan 31, 2020, 2:00:18 AM",Activity,3055850298
"Jan 31, 2020, 2:00:26 AM",Activity,3055849947
"Jan 31, 2020, 6:02:15 AM",Activity,3058114245
"Jan 31, 2020, 6:02:19 AM",Activity,3058319543
"Feb 1, 2020, 3:59:15 AM",Activity,3060683405
"Feb 1, 2020, 3:59:33 AM",Activity,3060732926
"Feb 1, 2020, 4:00:37 AM",Activity,3058363083
"Feb 1, 2020, 6:51:08 PM",Activity,3060700721
"Feb 4, 2020, 5:47:28 PM",Activity,3070011890
"Feb 4, 2020, 10:02:44 PM",Activity,3072180979
"Feb 4, 2020, 10:02:55 PM",Activity,3063974541
"Feb 4, 2020, 10:02:56 PM",Activity,3072179994
"Feb 5, 2020, 7:22:47 AM",Activity,3072963125
"Feb 8, 2020, 5:35:26 AM",Activity,3081075612
"Feb 8, 2020, 5:35:27 AM",Activity,3080976257
"Feb 9, 2020, 7:47:39 AM",Activity,3084345831
"Feb 10, 2020, 6:49:28 AM",Activity,3087271183
"Feb 10, 2020, 6:49:29 AM",Activity,3087237193
"Feb 10, 2020, 9:13:41 PM",Activity,3089000976
"Feb 10, 2020, 9:13:46 PM",Activity,3088690481
"Feb 10, 2020, 11:53:35 PM",Activity,3089043012
"Feb 11, 2020, 6:25:57 PM",Activity,3089715658
"Feb 11, 2020, 6:25:59 PM",Activity,3089705814
"Feb 13, 2020, 6:25:53 PM",Activity,3095683346
"Feb 13, 2020, 6:25:57 PM",Activity,3095345015
"Feb 13, 2020, 6:26:09 PM",Activity,3095381368
"Feb 13, 2020, 6:26:26 PM",Activity,3095643255
"Feb 13, 2020, 6:27:04 PM",Activity,3095347216
"Feb 13, 2020, 6:27:04 PM",Activity,3095395695
"Feb 13, 2020, 6:27:09 PM",Activity,3095395707
"Feb 15, 2020, 8:50:39 PM",Activity,3100416886
"Feb 15, 2020, 8:50:41 PM",Activity,3100358484
"Feb 15, 2020, 10:34:21 PM",Activity,3102850669
"Feb 16, 2020, 6:47:57 AM",Activity,3103682614
"Feb 16, 2020, 6:47:59 AM",Activity,3103696358
"Feb 16, 2020, 6:48:05 AM",Activity,3103659367
"Feb 16, 2020, 9:08:43 AM",Activity,3103733043
"Feb 17, 2020, 5:49:27 PM",Activity,3107270278
"Feb 18, 2020, 7:04:02 AM",Activity,3109548226
"Feb 18, 2020, 7:04:02 AM",Activity,3109547906
"Feb 18, 2020, 7:04:08 AM",Activity,3109633655
"Feb 18, 2020, 7:04:18 AM",Activity,3109541624
"Feb 18, 2020, 7:05:28 AM",Activity,3109516015
"Feb 18, 2020, 7:05:29 AM",Activity,3109548017
"Feb 18, 2020, 7:05:34 AM",Activity,3109653543
"Feb 18, 2020, 7:05:37 AM",Activity,3109653406
"Feb 18, 2020, 7:22:28 AM",Activity,3109718171
"Feb 19, 2020, 4:33:55 AM",Activity,3112512725
"Feb 19, 2020, 4:34:26 AM",Activity,3111877106
"Feb 19, 2020, 6:27:02 AM",Activity,3112582884
"Feb 20, 2020, 5:25:08 AM",Activity,3115434779
"Feb 20, 2020, 5:25:09 AM",Activity,3115482517
"Feb 20, 2020, 8:30:16 AM",Activity,3112969138
"Feb 21, 2020, 10:23:35 PM",Activity,3118265533
"Feb 23, 2020, 4:30:01 AM",Activity,3123773028
"Feb 23, 2020, 7:11:37 AM",Activity,3123906904
"Feb 23, 2020, 7:11:48 AM",Activity,3123937365
"Feb 23, 2020, 7:11:48 AM",Activity,3123935891
"Mar 2, 2020, 1:52:00 AM",Activity,3146769227
"Mar 2, 2020, 1:52:24 AM",Activity,3146053647
"Mar 2, 2020, 1:52:58 AM",Activity,3143757644
"Mar 2, 2020, 1:53:17 AM",Activity,3143707503
"Mar 2, 2020, 1:53:26 AM",Activity,3143707398
"Mar 2, 2020, 1:53:39 AM",Activity,3143707200
"Mar 2, 2020, 1:53:52 AM",Activity,3143579369
"Mar 2, 2020, 1:53:52 AM",Activity,3143577272
"Mar 2, 2020, 1:54:03 AM",Activity,3135371296
"Mar 2, 2020, 1:54:08 AM",Activity,3143576837
"Mar 2, 2020, 1:54:10 AM",Activity,3140366661
"Mar 2, 2020, 1:54:18 AM",Activity,3135372148
"Mar 3, 2020, 9:58:53 PM",Activity,3151639098
"Mar 4, 2020, 7:26:52 AM",Activity,3152567074
"Mar 8, 2020, 7:11:15 PM",Activity,3164032756
"Mar 8, 2020, 7:11:57 PM",Activity,3164055522
"Mar 10, 2020, 3:02:09 AM",Activity,3170021289
"Mar 10, 2020, 3:02:28 AM",Activity,3170021586
"Mar 10, 2020, 3:02:54 AM",Activity,3170021446
"Mar 22, 2020, 6:33:39 AM",Activity,3205556772
"Mar 22, 2020, 6:33:39 AM",Activity,3205553999
"Mar 22, 2020, 11:16:34 PM",Activity,3205639205
"Mar 25, 2020, 6:19:19 PM",Activity,3215431714
"Mar 25, 2020, 6:19:28 PM",Activity,3215463450
"Mar 26, 2020, 4:16:06 AM",Activity,3218766795
"Mar 26, 2020, 7:29:56 AM",Activity,3219026356
"Mar 26, 2020, 7:30:01 AM",Activity,3218879798
"Mar 26, 2020, 7:21:35 PM",Activity,3218917362
"Mar 26, 2020, 7:22:35 PM",Activity,3215226160
"Mar 26, 2020, 7:22:35 PM",Activity,3211762842
"Mar 26, 2020, 7:22:37 PM",Activity,3218879638
"Mar 27, 2020, 6:33:47 AM",Activity,3222507873
"Mar 28, 2020, 11:34:30 PM",Activity,3229515005
"Mar 28, 2020, 11:34:56 PM",Activity,3225892450
"Mar 29, 2020, 4:58:03 AM",Activity,3229777298
"Mar 29, 2020, 5:54:09 AM",Activity,3229725361
"Mar 29, 2020, 5:54:43 AM",Activity,3229791209
"Mar 29, 2020, 9:00:30 PM",Activity,3230271100
"Mar 31, 2020, 6:54:45 AM",Activity,3237089312
"Apr 4, 2020, 11:30:04 PM",Activity,3254938450
"Apr 4, 2020, 11:30:55 PM",Activity,3252270393
"Apr 4, 2020, 11:31:06 PM",Activity,3252209144
"Apr 4, 2020, 11:32:11 PM",Activity,3252152846
"Apr 4, 2020, 11:32:22 PM",Activity,3251937463
"Apr 5, 2020, 7:02:56 AM",Activity,3256440750
"Apr 7, 2020, 1:22:26 AM",Activity,3264679637
"Apr 11, 2020, 3:56:03 AM",Activity,3281171872
"Apr 11, 2020, 4:01:30 AM",Activity,3278046073
"Apr 11, 2020, 4:01:43 AM",Activity,3278099819
"Apr 11, 2020, 4:02:06 AM",Activity,3278093181
"Apr 12, 2020, 4:28:38 AM",Activity,3286908453
"Apr 12, 2020, 6:41:53 AM",Activity,3287284409
"Apr 12, 2020, 6:42:27 AM",Activity,3287369158
"Apr 12, 2020, 6:42:45 AM",Activity,3287328159
"Apr 12, 2020, 6:56:53 AM",Activity,3286871494
"Apr 12, 2020, 6:58:17 AM",Activity,3286810882
"Apr 12, 2020, 7:23:04 PM",Activity,3290692012
"Apr 14, 2020, 5:09:10 AM",Activity,3296094719
"Apr 14, 2020, 7:33:59 AM",Activity,3296239430
"Apr 14, 2020, 7:34:01 AM",Activity,3296284095
"Apr 15, 2020, 6:53:14 AM",Activity,3300736571
"Apr 15, 2020, 6:53:19 AM",Activity,3300800227
"Apr 15, 2020, 6:53:21 AM",Activity,3300747700
"Apr 16, 2020, 1:54:06 AM",Activity,3305177455
"Apr 17, 2020, 12:34:13 AM",Activity,3305460859
"Apr 17, 2020, 8:10:29 PM",Activity,3310170661
"Apr 18, 2020, 9:02:17 AM",Activity,3314798033
"Apr 19, 2020, 5:24:44 AM",Activity,3319260907
"Apr 19, 2020, 5:24:51 AM",Activity,3319260840
"Apr 19, 2020, 8:51:48 AM",Activity,3319634750
"Apr 19, 2020, 8:52:26 AM",Activity,3319302204
"Apr 20, 2020, 3:38:17 AM",Activity,3320286455
"Apr 21, 2020, 7:13:26 AM",Activity,3329270076
"Apr 23, 2020, 1:20:38 AM",Activity,3334817524
"Apr 23, 2020, 1:20:55 AM",Activity,3334624937
"Apr 26, 2020, 8:30:53 PM",Activity,3354095266
"Apr 27, 2020, 5:36:03 AM",Activity,3359642292
"Apr 28, 2020, 7:00:36 PM",Activity,3364069917
"Apr 29, 2020, 12:15:45 AM",Activity,3367961003
"Apr 30, 2020, 6:41:32 AM",Activity,3373807341
"Apr 30, 2020, 6:41:45 AM",Activity,3372477198
"Apr 30, 2020, 6:42:12 AM",Activity,3373697349
"Apr 30, 2020, 6:42:28 AM",Activity,3373630414
"May 1, 2020, 2:19:51 AM",Activity,3377781945
"May 1, 2020, 2:30:51 AM",Activity,3377539824
"May 3, 2020, 1:34:41 AM",Activity,3388289922
"May 3, 2020, 1:35:01 AM",Activity,3388154307
"May 3, 2020, 7:45:07 AM",Activity,3388571062
"May 4, 2020, 12:38:52 AM",Activity,3394241135
"May 4, 2020, 7:33:55 PM",Activity,3394915815
"May 4, 2020, 7:34:35 PM",Activity,3394839947
"May 5, 2020, 7:55:00 AM",Activity,3400220480
"May 5, 2020, 7:55:12 AM",Activity,3400219667
"May 6, 2020, 12:50:05 AM",Activity,3404769857
"May 6, 2020, 6:07:51 AM",Activity,3405469206
"May 6, 2020, 6:08:23 AM",Activity,3405469306
"May 6, 2020, 7:31:00 AM",Activity,3405595858
"May 7, 2020, 7:01:15 PM",Activity,3411086661
"May 7, 2020, 7:01:39 PM",Activity,3411146353
"May 7, 2020, 7:01:45 PM",Activity,3411415300
"May 9, 2020, 9:23:54 PM",Activity,3422087385
"May 9, 2020, 9:25:12 PM",Activity,3421886191
"May 10, 2020, 8:11:14 PM",Activity,3431233246
"May 12, 2020, 3:27:10 AM",Activity,3437322062
"May 12, 2020, 5:49:21 AM",Activity,3437399975
"May 12, 2020, 5:49:48 AM",Activity,3437519447
"May 12, 2020, 5:49:50 AM",Activity,3437494943
"May 12, 2020, 11:55:45 PM",Activity,3440212631
"May 13, 2020, 3:54:44 AM",Activity,3442678422
"May 13, 2020, 3:55:28 AM",Activity,3442411671
"May 13, 2020, 8:32:40 PM",Activity,3445619144
"May 14, 2020, 2:02:15 AM",Activity,3447685454
"May 14, 2020, 7:44:18 AM",Activity,3448357178
"May 14, 2020, 7:44:19 AM",Activity,3447955227
"May 14, 2020, 8:17:05 AM",Activity,3448189454
"May 14, 2020, 6:28:03 PM",Activity,3450862193
"May 15, 2020, 3:55:45 AM",Activity,3452814805
"May 15, 2020, 3:56:01 AM",Activity,3452939956
"May 15, 2020, 9:27:46 AM",Activity,3453778559
"May 16, 2020, 4:46:21 AM",Activity,3457765913
"May 16, 2020, 4:46:22 AM",Activity,3457764333
"May 16, 2020, 4:46:23 AM",Activity,3457772902
"May 16, 2020, 4:46:24 AM",Activity,3457769098
"May 16, 2020, 4:49:25 AM",Activity,3457771982
"May 16, 2020, 4:49:25 AM",Activity,3447956629
"May 16, 2020, 4:49:42 AM",Activity,3453949189
"May 16, 2020, 7:51:39 AM",Activity,3457970199
"May 16, 2020, 6:16:06 PM",Activity,3461578633
"May 17, 2020, 12:07:48 AM",Activity,3457890460
"May 17, 2020, 12:08:20 AM",Activity,3463125589
"May 17, 2020, 12:08:41 AM",Activity,3462864248
"May 17, 2020, 5:24:59 AM",Activity,3463344856
"May 17, 2020, 5:25:07 AM",Activity,3463306925
"May 17, 2020, 6:30:11 PM",Activity,3464578439
"May 17, 2020, 8:15:16 PM",Activity,3462790907
"May 18, 2020, 3:22:53 AM",Activity,3468724608
"May 19, 2020, 5:40:14 AM",Activity,3474488036
"May 19, 2020, 6:55:03 PM",Activity,3477874581
"May 20, 2020, 9:22:24 PM",Activity,3480398095
"May 20, 2020, 9:22:33 PM",Activity,3480495807
"May 20, 2020, 9:22:38 PM",Activity,3480398203
"May 20, 2020, 9:22:43 PM",Activity,3480540612
"May 21, 2020, 5:57:39 AM",Activity,3485682144
"May 21, 2020, 5:57:42 AM",Activity,3485857346
"May 21, 2020, 5:59:15 AM",Activity,3485977295
"May 21, 2020, 5:59:20 AM",Activity,3485953032
"May 23, 2020, 6:23:48 AM",Activity,3496161393
"May 23, 2020, 6:25:13 AM",Activity,3496146685
"May 23, 2020, 6:25:13 AM",Activity,3496162492
"May 23, 2020, 6:26:09 AM",Activity,3495978947
"May 23, 2020, 6:26:12 AM",Activity,3496153143
"May 23, 2020, 6:26:14 AM",Activity,3496143305
"May 23, 2020, 6:26:14 AM",Activity,3496217051
"May 24, 2020, 12:04:15 AM",Activity,3500861105
"May 26, 2020, 6:08:19 AM",Activity,3512592666
"May 26, 2020, 6:08:23 AM",Activity,3506826592
"May 27, 2020, 7:15:54 AM",Activity,3512570941
"May 27, 2020, 7:15:56 AM",Activity,3512739491
"May 27, 2020, 7:15:57 AM",Activity,3518037684
"May 28, 2020, 12:15:00 AM",Activity,3518116317
"May 28, 2020, 6:22:56 AM",Activity,3523713525
"May 28, 2020, 6:22:57 AM",Activity,3523726626
"May 28, 2020, 6:25:37 AM",Activity,3518162649
"May 28, 2020, 6:53:06 AM",Activity,3523876440
"May 28, 2020, 7:53:53 AM",Activity,3524033776
"May 28, 2020, 7:22:42 PM",Activity,3527059227
"May 29, 2020, 4:53:10 AM",Activity,3528660480
"May 29, 2020, 4:53:20 AM",Activity,3528774051
"May 30, 2020, 4:36:19 AM",Activity,3533515917
"May 30, 2020, 4:36:23 AM",Activity,3533583633
"May 30, 2020, 4:36:26 AM",Activity,3533241956
"May 30, 2020, 4:57:25 AM",Activity,3533324665
"May 30, 2020, 4:58:01 AM",Activity,3533497793
"May 30, 2020, 4:58:09 AM",Activity,3533550265
"May 30, 2020, 10:26:43 AM",Activity,3533815375
"May 30, 2020, 10:38:49 PM",Activity,3533653640
"May 31, 2020, 12:24:23 AM",Activity,3538660396
"May 31, 2020, 12:25:03 AM",Activity,3538726864
"May 31, 2020, 4:35:31 AM",Activity,3538878622
"May 31, 2020, 7:41:27 AM",Activity,3539206666
"May 31, 2020, 7:41:30 AM",Activity,3539205811
"May 31, 2020, 7:42:03 AM",Activity,3539278800
"May 31, 2020, 10:03:02 AM",Activity,3540181091
"Jun 1, 2020, 3:22:11 AM",Activity,3544864990
"Jun 1, 2020, 9:59:07 PM",Activity,3545314670
"Jun 2, 2020, 6:24:21 AM",Activity,3550623899
"Jun 2, 2020, 9:06:28 AM",Activity,3551069881
"Jun 2, 2020, 9:06:40 AM",Activity,3551053357
"Jun 3, 2020, 4:00:13 AM",Activity,3555184506
"Jun 3, 2020, 4:00:18 AM",Activity,3550625628
"Jun 3, 2020, 4:00:25 AM",Activity,3555182823
"Jun 3, 2020, 4:00:26 AM",Activity,3550625400
"Jun 3, 2020, 4:01:03 AM",Activity,3555806030
"Jun 3, 2020, 4:57:40 AM",Activity,3556033763
"Jun 3, 2020, 4:57:50 AM",Activity,3556051227
"Jun 3, 2020, 4:57:59 AM",Activity,3556051303
"Jun 4, 2020, 7:35:24 AM",Activity,3561309852
"Jun 4, 2020, 7:35:31 AM",Activity,3561403541
"Jun 4, 2020, 7:35:45 AM",Activity,3561341946
"Jun 4, 2020, 7:35:53 AM",Activity,3561222973
"Jun 4, 2020, 7:35:53 AM",Activity,3550612697
"Jun 6, 2020, 6:11:30 AM",Activity,3570239648
"Jun 6, 2020, 7:31:35 PM",Activity,3572655706
"Jun 6, 2020, 11:49:43 PM",Activity,3574812249
"Jun 6, 2020, 11:50:01 PM",Activity,3574765861
"Jun 6, 2020, 11:50:41 PM",Activity,3574805567
"Jun 7, 2020, 12:51:32 AM",Activity,3574880577
"Jun 7, 2020, 5:58:37 AM",Activity,3574924505
"Jun 7, 2020, 5:58:50 AM",Activity,3575390321
"Jun 7, 2020, 6:41:34 AM",Activity,3575462651
"Jun 8, 2020, 1:05:38 AM",Activity,3580670213
"Jun 8, 2020, 1:06:04 AM",Activity,3578439357
"Jun 8, 2020, 1:06:15 AM",Activity,3575770698
"Jun 8, 2020, 6:11:15 AM",Activity,3581123059
"Jun 8, 2020, 6:11:24 AM",Activity,3556728542
"Jun 9, 2020, 2:42:04 AM",Activity,3585082153
"Jun 9, 2020, 2:42:20 AM",Activity,3585440853
"Jun 9, 2020, 2:42:58 AM",Activity,3583438295
"Jun 9, 2020, 2:43:34 AM",Activity,3581338814
"Jun 9, 2020, 5:41:00 AM",Activity,3585957840
"Jun 9, 2020, 6:28:49 AM",Activity,3586043529
"Jun 9, 2020, 6:28:53 AM",Activity,3586043670
"Jun 9, 2020, 6:28:56 AM",Activity,3586037439
"Jun 9, 2020, 6:29:12 AM",Activity,3586043568
"Jun 9, 2020, 6:29:14 AM",Activity,3586054205
"Jun 9, 2020, 6:29:23 AM",Activity,3586053948
"Jun 9, 2020, 6:29:27 AM",Activity,3586053582
"Jun 9, 2020, 6:29:32 AM",Activity,3585987273
"Jun 9, 2020, 6:29:36 AM",Activity,3585931177
"Jun 10, 2020, 6:05:26 AM",Activity,3591316767
"Jun 11, 2020, 5:45:46 AM",Activity,3596158525
"Jun 11, 2020, 5:45:47 AM",Activity,3596150539
"Jun 11, 2020, 5:45:48 AM",Activity,3596151593
"Jun 11, 2020, 6:08:54 AM",Activity,3596073944
"Jun 11, 2020, 6:09:11 AM",Activity,3570206685
"Jun 11, 2020, 6:09:13 AM",Activity,3570176191
"Jun 11, 2020, 6:09:14 AM",Activity,3596150535
"Jun 11, 2020, 9:26:49 AM",Activity,3596494677
"Jun 11, 2020, 9:27:32 AM",Activity,3596719444
"Jun 11, 2020, 9:27:37 AM",Activity,3596719280
"Jun 11, 2020, 9:27:40 AM",Activity,3596672524
"Jun 11, 2020, 6:36:33 PM",Activity,3598324924
"Jun 12, 2020, 6:39:10 AM",Activity,3600319764
"Jun 12, 2020, 7:09:12 PM",Activity,3601835187
"Jun 12, 2020, 8:28:37 PM",Activity,3601308387
"Jun 13, 2020, 12:32:35 AM",Activity,3604731998
"Jun 13, 2020, 4:48:15 AM",Activity,3605569861
"Jun 13, 2020, 4:48:18 AM",Activity,3605574403
"Jun 13, 2020, 4:48:19 AM",Activity,3605556752
"Jun 13, 2020, 4:48:22 AM",Activity,3605562383
"Jun 13, 2020, 4:48:27 AM",Activity,3605566732
"Jun 13, 2020, 4:48:58 AM",Activity,3605566464
"Jun 14, 2020, 2:54:26 AM",Activity,3610821570
"Jun 14, 2020, 3:19:52 AM",Activity,3610907094
"Jun 14, 2020, 4:58:03 AM",Activity,3610999573
"Jun 14, 2020, 9:07:32 AM",Activity,3611700995
"Jun 15, 2020, 7:04:38 AM",Activity,3616913810
"Jun 15, 2020, 6:53:47 PM",Activity,3617200386
"Jun 15, 2020, 6:53:49 PM",Activity,3617565734
"Jun 16, 2020, 6:04:53 AM",Activity,3621776539
"Jun 16, 2020, 6:04:53 AM",Activity,3621794311
"Jun 16, 2020, 6:05:22 AM",Activity,3621736768
"Jun 16, 2020, 6:05:26 AM",Activity,3621731190
"Jun 16, 2020, 6:05:27 AM",Activity,3621736888
"Jun 16, 2020, 6:18:38 AM",Activity,3621459777
"Jun 16, 2020, 6:18:42 AM",Activity,3621413564
"Jun 16, 2020, 6:19:07 AM",Activity,3621713041
"Jun 16, 2020, 6:19:11 AM",Activity,3621801488
"Jun 17, 2020, 6:07:02 AM",Activity,3627128497
"Jun 17, 2020, 6:07:07 AM",Activity,3627036722
"Jun 17, 2020, 6:07:15 AM",Activity,3627098246
"Jun 17, 2020, 6:07:50 AM",Activity,3627055214
"Jun 18, 2020, 6:13:56 AM",Activity,3632090169
"Jun 18, 2020, 6:15:26 AM",Activity,3630733130
"Jun 18, 2020, 6:16:21 AM",Activity,3632197962
"Jun 18, 2020, 6:16:25 AM",Activity,3632161830
"Jun 19, 2020, 1:28:21 AM",Activity,3634217581
"Jun 19, 2020, 1:28:30 AM",Activity,3632531048
"Jun 20, 2020, 12:45:35 AM",Activity,3640672318
"Jun 20, 2020, 4:06:33 AM",Activity,3641039473
"Jun 20, 2020, 8:42:09 AM",Activity,3641008002
"Jun 20, 2020, 8:42:11 AM",Activity,3641397712
"Jun 20, 2020, 8:42:11 AM",Activity,3641083553
"Jun 20, 2020, 8:42:15 AM",Activity,3641034462
"Jun 21, 2020, 2:39:17 AM",Activity,3645888159
"Jun 21, 2020, 2:39:23 AM",Activity,3646044075
"Jun 21, 2020, 2:40:35 AM",Activity,3646274386
"Jun 21, 2020, 2:40:43 AM",Activity,3646069816
"Jun 21, 2020, 2:41:40 AM",Activity,3644538108
"Jun 21, 2020, 11:30:33 PM",Activity,3651453913
"Jun 21, 2020, 11:30:59 PM",Activity,3646565549
"Jun 23, 2020, 6:13:10 AM",Activity,3656857130
"Jun 23, 2020, 6:13:12 AM",Activity,3656868377
"Jun 24, 2020, 3:22:44 AM",Activity,3661985333
"Jun 24, 2020, 3:27:07 AM",Activity,3656277222
"Jun 25, 2020, 8:34:09 PM",Activity,3669871525
"Jun 26, 2020, 2:14:35 AM",Activity,3671961752
"Jun 27, 2020, 7:58:21 AM",Activity,3676422602
"Jun 27, 2020, 7:58:28 AM",Activity,3676664947
"Jun 27, 2020, 7:58:45 AM",Activity,3676449007
"Jun 27, 2020, 7:58:53 AM",Activity,3676106588
"Jun 28, 2020, 7:35:28 PM",Activity,3684716873
"Jun 29, 2020, 1:11:24 AM",Activity,3686285193
"Jun 29, 2020, 1:11:27 AM",Activity,3686285282
"Jun 29, 2020, 1:11:29 AM",Activity,3686285161
"Jun 29, 2020, 4:12:20 AM",Activity,3686601681
"Jun 29, 2020, 4:12:27 AM",Activity,3686540376
"Jun 30, 2020, 8:28:45 PM",Activity,3691506553
"Jul 1, 2020, 2:16:58 AM",Activity,3695832720
"Jul 1, 2020, 2:17:01 AM",Activity,3695832399
"Jul 1, 2020, 4:55:38 AM",Activity,3696085097
"Jul 1, 2020, 4:56:11 AM",Activity,3696071947
"Jul 1, 2020, 4:56:21 AM",Activity,3696042785
"Jul 2, 2020, 2:29:08 AM",Activity,3700696912
"Jul 2, 2020, 2:29:27 AM",Activity,3700696772
"Jul 2, 2020, 7:50:29 AM",Activity,3701369522
"Jul 2, 2020, 7:50:30 AM",Activity,3701183156
"Jul 3, 2020, 12:57:13 AM",Activity,3703289050
"Jul 3, 2020, 9:00:03 AM",Activity,3706234998
"Jul 3, 2020, 8:00:21 PM",Activity,3708254552
"Jul 3, 2020, 8:00:52 PM",Activity,3706061435
"Jul 3, 2020, 8:00:53 PM",Activity,3705460528
"Jul 3, 2020, 8:15:39 PM",Activity,3701011134
"Jul 3, 2020, 8:15:40 PM",Activity,3701608624
"Jul 3, 2020, 10:27:10 PM",Activity,3709325485
"Jul 4, 2020, 12:20:35 AM",Activity,3709261029
"Jul 5, 2020, 5:12:16 AM",Activity,3714543177
"Jul 5, 2020, 5:54:24 AM",Activity,3715144943
"Jul 6, 2020, 4:41:49 AM",Activity,3719868059
"Jul 6, 2020, 4:41:57 AM",Activity,3718182040
"Jul 6, 2020, 5:17:16 AM",Activity,3720364169
"Jul 6, 2020, 7:17:40 PM",Activity,3720624130
"Jul 6, 2020, 7:17:46 PM",Activity,3720710067
"Jul 6, 2020, 7:18:16 PM",Activity,3720480926
"Jul 6, 2020, 7:18:22 PM",Activity,3722834568
"Jul 7, 2020, 3:26:10 AM",Activity,3724474677
"Jul 7, 2020, 3:26:12 AM",Activity,3724474556
"Jul 7, 2020, 9:10:49 PM",Activity,3727353849
"Jul 7, 2020, 9:11:07 PM",Activity,3725048422
"Jul 7, 2020, 9:11:40 PM",Activity,3724941678
"Jul 8, 2020, 6:44:13 AM",Activity,3730278324
"Jul 8, 2020, 6:44:45 AM",Activity,3729895738
"Jul 8, 2020, 9:57:11 PM",Activity,3733730455
"Jul 8, 2020, 9:57:24 PM",Activity,3732662125
"Jul 8, 2020, 9:57:44 PM",Activity,3730573893
"Jul 8, 2020, 9:57:54 PM",Activity,3730524637
"Jul 8, 2020, 9:58:12 PM",Activity,3731483669
"Jul 9, 2020, 3:36:13 AM",Activity,3733989677
"Jul 9, 2020, 3:36:39 AM",Activity,3725014133
"Jul 9, 2020, 3:36:39 AM",Activity,3733988218
"Jul 9, 2020, 3:36:45 AM",Activity,3724982348
"Jul 9, 2020, 7:19:57 AM",Activity,3734849434
"Jul 9, 2020, 7:20:14 AM",Activity,3734836086
"Jul 9, 2020, 7:20:18 AM",Activity,3734838957
"Jul 9, 2020, 9:14:24 AM",Activity,3735270743
"Jul 9, 2020, 6:59:14 PM",Activity,3735522420
"Jul 9, 2020, 8:20:09 PM",Activity,3737228060
"Jul 10, 2020, 8:36:10 AM",Activity,3739264082
"Jul 10, 2020, 8:29:47 PM",Activity,3740189973
"Jul 10, 2020, 10:21:46 PM",Activity,3742897391
"Jul 10, 2020, 10:22:30 PM",Activity,3741897007
"Jul 11, 2020, 1:11:58 AM",Activity,3743256729
"Jul 11, 2020, 10:08:59 PM",Activity,3747006454
"Jul 11, 2020, 10:09:26 PM",Activity,3743943879
"Jul 11, 2020, 10:09:29 PM",Activity,3743801709
"Jul 11, 2020, 10:10:08 PM",Activity,3744022247
"Jul 11, 2020, 10:10:09 PM",Activity,3743679799
"Jul 11, 2020, 10:10:23 PM",Activity,3743620998
"Jul 11, 2020, 10:10:31 PM",Activity,3743662151
"Jul 11, 2020, 10:10:47 PM",Activity,3744022122
"Jul 11, 2020, 10:10:55 PM",Activity,3743630446
"Jul 11, 2020, 10:10:55 PM",Activity,3744021582
"Jul 11, 2020, 10:13:58 PM",Activity,3743457538
"Jul 11, 2020, 10:14:02 PM",Activity,3743456358
"Jul 11, 2020, 10:14:06 PM",Activity,3743455009
"Jul 12, 2020, 5:18:37 AM",Activity,3748896825
"Jul 13, 2020, 6:40:28 AM",Activity,3754543226
"Jul 13, 2020, 7:03:54 AM",Activity,3754388922
"Jul 13, 2020, 7:04:40 AM",Activity,3752146529
"Jul 13, 2020, 8:28:31 AM",Activity,3754835867
"Jul 13, 2020, 8:36:41 PM",Activity,3757387813
"Jul 14, 2020, 4:43:14 AM",Activity,3759060872
"Jul 14, 2020, 8:56:00 PM",Activity,3759752008
"Jul 16, 2020, 5:28:35 AM",Activity,3769224634
"Jul 16, 2020, 5:28:44 AM",Activity,3769191395
"Jul 16, 2020, 5:29:02 AM",Activity,3769089438
"Jul 16, 2020, 8:08:27 AM",Activity,3769241531
"Jul 16, 2020, 8:54:44 PM",Activity,3772155039
"Jul 16, 2020, 8:55:12 PM",Activity,3769839434
"Jul 17, 2020, 7:05:52 AM",Activity,3773926848
"Jul 17, 2020, 7:05:57 AM",Activity,3773896519
"Jul 18, 2020, 3:35:44 AM",Activity,3777281458
"Jul 18, 2020, 5:51:03 AM",Activity,3778283062
"Jul 18, 2020, 8:26:39 PM",Activity,3781487553
"Jul 19, 2020, 3:19:52 AM",Activity,3783011898
"Jul 19, 2020, 3:20:18 AM",Activity,3782727257
"Jul 19, 2020, 3:20:20 AM",Activity,3782764175
"Jul 20, 2020, 12:43:16 AM",Activity,3786983772
"Jul 20, 2020, 12:43:31 AM",Activity,3783496199
"Jul 20, 2020, 8:22:10 AM",Activity,3788648018
"Jul 21, 2020, 6:27:36 AM",Activity,3793655259
"Jul 22, 2020, 12:23:12 AM",Activity,3796870380
"Jul 22, 2020, 12:23:18 AM",Activity,3793657837
"Jul 22, 2020, 12:23:23 AM",Activity,3793541233
"Jul 22, 2020, 12:23:25 AM",Activity,3797203883
"Jul 22, 2020, 12:23:37 AM",Activity,3797866090
"Jul 22, 2020, 7:42:27 AM",Activity,3798874780
"Jul 22, 2020, 8:51:43 PM",Activity,3799632891
"Jul 22, 2020, 11:38:38 PM",Activity,3801642624
"Jul 23, 2020, 3:27:05 AM",Activity,3803626805
"Jul 23, 2020, 3:29:23 AM",Activity,3803756232
"Jul 23, 2020, 3:29:24 AM",Activity,3803801178
"Jul 24, 2020, 10:51:55 PM",Activity,3809036530
"Jul 25, 2020, 11:25:55 PM",Activity,3809869898
"Jul 25, 2020, 11:25:55 PM",Activity,3809889558
"Jul 26, 2020, 8:46:16 PM",Activity,3816442575
"Jul 27, 2020, 7:33:54 AM",Activity,3818004345
"Jul 27, 2020, 7:39:21 AM",Activity,3817546135
"Jul 27, 2020, 7:39:25 AM",Activity,3817556671
"Jul 27, 2020, 7:39:31 AM",Activity,3816454760
"Jul 27, 2020, 7:39:48 AM",Activity,3813359951
"Jul 27, 2020, 7:34:32 PM",Activity,3822231493
"Jul 27, 2020, 10:30:31 PM",Activity,3819852604
"Jul 27, 2020, 10:30:45 PM",Activity,3821976237
"Jul 28, 2020, 5:08:37 AM",Activity,3824689725
"Jul 28, 2020, 9:43:09 PM",Activity,3825879517
"Jul 29, 2020, 3:39:08 AM",Activity,3799562258
"Jul 29, 2020, 3:44:09 AM",Activity,3823227787
"Jul 29, 2020, 8:02:10 AM",Activity,3831348355
"Jul 30, 2020, 3:02:18 AM",Activity,3834070645
"Jul 30, 2020, 5:00:27 AM",Activity,3836343241
"Jul 30, 2020, 7:14:23 PM",Activity,3839240912
"Jul 30, 2020, 7:14:50 PM",Activity,3837107730
"Jul 30, 2020, 7:47:32 PM",Activity,3840036271
"Jul 31, 2020, 8:15:07 PM",Activity,3844143067
"Jul 31, 2020, 8:15:18 PM",Activity,3841995788
"Jul 31, 2020, 8:15:59 PM",Activity,3841705146
"Jul 31, 2020, 8:16:25 PM",Activity,3841418073
"Aug 1, 2020, 3:33:55 AM",Activity,3845910594
"Aug 1, 2020, 5:14:45 AM",Activity,3845979521
"Aug 1, 2020, 8:46:33 AM",Activity,3845984815
"Aug 1, 2020, 8:46:35 AM",Activity,3846313667
"Aug 1, 2020, 10:19:06 PM",Activity,3850381765
"Aug 2, 2020, 2:38:00 AM",Activity,3850974180
"Aug 2, 2020, 5:32:59 AM",Activity,3851136749
"Aug 2, 2020, 8:36:22 PM",Activity,3854322289
"Aug 3, 2020, 2:46:02 AM",Activity,3855854727
"Aug 4, 2020, 4:37:59 AM",Activity,3861204115
"Aug 4, 2020, 4:38:04 AM",Activity,3859993709
"Aug 4, 2020, 4:58:35 AM",Activity,3861210851
"Aug 4, 2020, 7:58:18 PM",Activity,3863645614
"Aug 4, 2020, 7:58:56 PM",Activity,3861884504
"Aug 4, 2020, 7:58:57 PM",Activity,3861271193
"Aug 5, 2020, 3:54:06 AM",Activity,3865658240
"Aug 5, 2020, 10:18:21 AM",Activity,3866725415
"Aug 5, 2020, 7:02:29 PM",Activity,3869528130
"Aug 5, 2020, 7:02:30 PM",Activity,3869535653
"Aug 5, 2020, 7:07:59 PM",Activity,3867986939
"Aug 5, 2020, 7:08:02 PM",Activity,3869528599
"Aug 5, 2020, 9:50:06 PM",Activity,3870027809
"Aug 7, 2020, 5:42:55 AM",Activity,3876313060
"Aug 7, 2020, 8:23:01 PM",Activity,3878828430
"Aug 8, 2020, 4:33:12 AM",Activity,3880410499
"Aug 8, 2020, 4:33:21 AM",Activity,3880465623
"Aug 8, 2020, 5:11:18 AM",Activity,3880693534
"Aug 8, 2020, 5:11:42 AM",Activity,3880646210
"Aug 8, 2020, 7:14:58 AM",Activity,3880771759
"Aug 8, 2020, 8:29:34 PM",Activity,3883530609
"Aug 8, 2020, 8:30:13 PM",Activity,3881097560
"Aug 8, 2020, 9:11:55 PM",Activity,3883598681
"Aug 8, 2020, 9:12:40 PM",Activity,3881096124
"Aug 9, 2020, 12:54:09 AM",Activity,3885289597
"Aug 9, 2020, 12:54:34 AM",Activity,3884912450
"Aug 9, 2020, 12:54:43 AM",Activity,3884905280
"Aug 10, 2020, 4:10:35 AM",Activity,3890524844
"Aug 10, 2020, 4:10:48 AM",Activity,3888841383
"Aug 10, 2020, 4:11:01 AM",Activity,3888721788
"Aug 10, 2020, 4:11:25 AM",Activity,3885421104
"Aug 10, 2020, 4:11:25 AM",Activity,3890584455
"Aug 10, 2020, 4:11:30 AM",Activity,3885792657
"Aug 10, 2020, 7:56:56 PM",Activity,3893415876
"Aug 11, 2020, 1:20:20 AM",Activity,3894090359
"Aug 11, 2020, 5:27:33 AM",Activity,3895472024
"Aug 11, 2020, 5:27:34 AM",Activity,3895474755
"Aug 11, 2020, 11:46:56 PM",Activity,3898083454
"Aug 11, 2020, 11:48:28 PM",Activity,3899744905
"Aug 11, 2020, 11:48:33 PM",Activity,3899744498
"Aug 11, 2020, 11:48:36 PM",Activity,3899744583
"Aug 11, 2020, 11:48:55 PM",Activity,3885420801
"Aug 11, 2020, 11:48:55 PM",Activity,3899744421
"Aug 12, 2020, 1:37:31 AM",Activity,3899885255
"Aug 12, 2020, 1:38:22 AM",Activity,3897076811
"Aug 12, 2020, 7:47:48 AM",Activity,3900951214
"Aug 12, 2020, 7:48:12 AM",Activity,3900681322
"Aug 12, 2020, 6:45:00 PM",Activity,3903003070
"Aug 13, 2020, 5:15:24 AM",Activity,3905401279
"Aug 13, 2020, 5:15:31 AM",Activity,3905374557
"Aug 13, 2020, 5:15:32 AM",Activity,3905372368
"Aug 13, 2020, 5:16:01 AM",Activity,3904450800
"Aug 13, 2020, 6:48:46 AM",Activity,3905643869
"Aug 13, 2020, 9:35:54 AM",Activity,3905738334
"Aug 13, 2020, 6:29:57 PM",Activity,3908177016
"Aug 14, 2020, 6:25:33 AM",Activity,3910120092
"Aug 14, 2020, 6:25:44 AM",Activity,3910041973
"Aug 14, 2020, 6:25:45 AM",Activity,3910033319
"Aug 14, 2020, 6:25:54 AM",Activity,3910029601
"Aug 14, 2020, 7:51:43 PM",Activity,3910569924
"Aug 15, 2020, 5:34:05 AM",Activity,3914340293
"Aug 15, 2020, 7:52:22 AM",Activity,3914582369
"Aug 16, 2020, 2:38:24 AM",Activity,3919057216
"Aug 16, 2020, 4:36:04 AM",Activity,3919310358
"Aug 16, 2020, 7:20:30 PM",Activity,3922679055
"Aug 17, 2020, 4:49:20 AM",Activity,3924433100
"Aug 17, 2020, 4:49:31 AM",Activity,3924162096
"Aug 17, 2020, 5:03:57 AM",Activity,3924495203
"Aug 17, 2020, 5:31:55 AM",Activity,3924514555
"Aug 17, 2020, 8:26:01 PM",Activity,3927076386
"Aug 17, 2020, 8:26:09 PM",Activity,3926538819
"Aug 18, 2020, 3:50:35 AM",Activity,3928847507
"Aug 18, 2020, 3:50:38 AM",Activity,3928831911
"Aug 18, 2020, 7:18:15 PM",Activity,3931549215
"Aug 18, 2020, 7:18:35 PM",Activity,3931646870
"Aug 18, 2020, 11:22:24 PM",Activity,3932977205
"Aug 18, 2020, 11:29:31 PM",Activity,3933223535
"Aug 18, 2020, 11:30:33 PM",Activity,3928939141
"Aug 19, 2020, 1:48:31 AM",Activity,3933741978
"Aug 19, 2020, 6:20:29 AM",Activity,3934182288
"Aug 19, 2020, 6:20:38 AM",Activity,3934140441
"Aug 19, 2020, 7:09:43 PM",Activity,3936510883
"Aug 19, 2020, 7:09:51 PM",Activity,3934617272
"Aug 19, 2020, 7:09:52 PM",Activity,3934426920
"Aug 20, 2020, 6:42:54 PM",Activity,3941575034
"Aug 20, 2020, 7:04:46 PM",Activity,3939051335
"Aug 20, 2020, 7:04:58 PM",Activity,3938946610
"Aug 20, 2020, 7:05:00 PM",Activity,3938902730
"Aug 20, 2020, 7:05:06 PM",Activity,3938902105
"Aug 21, 2020, 8:29:16 PM",Activity,3945353911
"Aug 21, 2020, 8:29:18 PM",Activity,3945256772
"Aug 21, 2020, 9:59:16 PM",Activity,3946817074
"Aug 21, 2020, 9:59:51 PM",Activity,3945772690
"Aug 22, 2020, 8:33:44 PM",Activity,3951332034
"Aug 22, 2020, 8:34:08 PM",Activity,3947640642
"Aug 22, 2020, 8:34:10 PM",Activity,3947918058
"Aug 22, 2020, 8:35:06 PM",Activity,3947437258
"Aug 22, 2020, 8:35:24 PM",Activity,3947424967
"Aug 22, 2020, 9:37:27 PM",Activity,3947658611
"Aug 22, 2020, 9:37:34 PM",Activity,3947603171
"Aug 22, 2020, 9:37:37 PM",Activity,3947598793
"Aug 22, 2020, 9:41:46 PM",Activity,3947591979
"Aug 22, 2020, 9:41:47 PM",Activity,3948158650
"Aug 22, 2020, 9:42:13 PM",Activity,3946983326
"Aug 22, 2020, 9:42:46 PM",Activity,3947355910
"Aug 22, 2020, 9:42:51 PM",Activity,3946942016
"Aug 22, 2020, 9:43:02 PM",Activity,3947355758
"Aug 22, 2020, 9:43:22 PM",Activity,3946756520
"Aug 22, 2020, 9:44:24 PM",Activity,3943852877
"Aug 22, 2020, 9:44:44 PM",Activity,3943796615
"Aug 22, 2020, 9:44:46 PM",Activity,3943935701
"Aug 22, 2020, 11:41:23 PM",Activity,3951740445
"Aug 23, 2020, 7:52:48 AM",Activity,3952455352
"Aug 23, 2020, 7:52:49 AM",Activity,3951819926
"Aug 23, 2020, 7:52:51 AM",Activity,3952352946
"Aug 24, 2020, 3:39:57 AM",Activity,3956637280
"Aug 24, 2020, 3:39:57 AM",Activity,3956425230
"Aug 24, 2020, 11:03:46 PM",Activity,3960657951
"Aug 24, 2020, 11:03:47 PM",Activity,3960660539
"Aug 25, 2020, 12:56:43 AM",Activity,3960786577
"Aug 25, 2020, 7:11:00 PM",Activity,3964373405
"Aug 26, 2020, 9:14:44 AM",Activity,3967014040
"Aug 26, 2020, 8:30:11 PM",Activity,3969363642
"Aug 28, 2020, 7:32:19 PM",Activity,3978183962
"Aug 28, 2020, 7:32:55 PM",Activity,3975974247
"Aug 28, 2020, 7:33:13 PM",Activity,3975723183
"Aug 31, 2020, 7:00:27 AM",Activity,3989776310
"Aug 31, 2020, 7:01:05 AM",Activity,3989489008
"Aug 31, 2020, 7:01:15 AM",Activity,3989403077
"Aug 31, 2020, 7:01:16 AM",Activity,3989492997
"Sep 1, 2020, 9:25:15 AM",Activity,3994415874
"Sep 1, 2020, 9:25:22 AM",Activity,3994304752
"Sep 1, 2020, 9:25:22 AM",Activity,3994226677
"Sep 1, 2020, 9:25:24 AM",Activity,3994272154
"Sep 4, 2020, 2:10:56 AM",Activity,4008349900
"Sep 4, 2020, 2:11:01 AM",Activity,4008250120
"Sep 4, 2020, 2:11:07 AM",Activity,4007849640
"Sep 4, 2020, 2:11:34 AM",Activity,4006460121
"Sep 4, 2020, 2:12:08 AM",Activity,4005965138
"Sep 4, 2020, 2:12:15 AM",Activity,4004470926
"Sep 4, 2020, 2:12:42 AM",Activity,4004149873
"Sep 4, 2020, 2:12:46 AM",Activity,4004177037
"Sep 4, 2020, 2:12:52 AM",Activity,4004121825
"Sep 4, 2020, 2:12:57 AM",Activity,4004025436
"Sep 4, 2020, 2:12:58 AM",Activity,4004151447
"Sep 4, 2020, 2:13:01 AM",Activity,4004317163
"Sep 4, 2020, 2:13:20 AM",Activity,4003441473
"Sep 4, 2020, 2:13:29 AM",Activity,4004047187
"Sep 4, 2020, 2:13:48 AM",Activity,4002547379
"Sep 4, 2020, 2:13:52 AM",Activity,4001296013
"Sep 5, 2020, 5:52:55 AM",Activity,4012887889
"Sep 5, 2020, 5:52:58 AM",Activity,4012887011
"Sep 5, 2020, 5:52:59 AM",Activity,4012887386
"Sep 5, 2020, 8:02:16 PM",Activity,4016528368
"Sep 6, 2020, 12:17:45 AM",Activity,4017408458
"Sep 6, 2020, 12:17:50 AM",Activity,4017808787
"Sep 6, 2020, 2:51:32 AM",Activity,4018168254
"Sep 6, 2020, 2:51:35 AM",Activity,4018160917
"Sep 6, 2020, 3:46:45 AM",Activity,4018221222
"Sep 6, 2020, 4:23:09 AM",Activity,4018263524
"Sep 6, 2020, 4:24:25 AM",Activity,4018209743
"Sep 6, 2020, 4:24:26 AM",Activity,4018210108
"Sep 6, 2020, 4:24:42 AM",Activity,4018062677
"Sep 6, 2020, 4:24:58 AM",Activity,4018007092
"Sep 6, 2020, 4:25:11 AM",Activity,4017939964
"Sep 6, 2020, 5:49:47 AM",Activity,4018381960
"Sep 6, 2020, 6:33:08 AM",Activity,4018453555
"Sep 6, 2020, 6:52:47 AM",Activity,4018487179
"Sep 6, 2020, 6:52:53 AM",Activity,4018497641
"Sep 6, 2020, 6:23:17 PM",Activity,4021321174
"Sep 6, 2020, 6:23:27 PM",Activity,4018814638
"Sep 7, 2020, 8:41:48 PM",Activity,4026015944
"Sep 7, 2020, 8:42:07 PM",Activity,4025607046
"Sep 8, 2020, 12:18:22 AM",Activity,4027729966
"Sep 8, 2020, 4:45:12 AM",Activity,4008661891
"Sep 8, 2020, 4:45:13 AM",Activity,4008734202
"Sep 8, 2020, 5:07:06 AM",Activity,4028162349
"Sep 8, 2020, 5:07:08 AM",Activity,4028140835
"Sep 8, 2020, 9:50:17 AM",Activity,4028333154
"Sep 9, 2020, 5:45:47 AM",Activity,4033103868
"Sep 9, 2020, 6:52:19 AM",Activity,4033238231
"Sep 9, 2020, 6:52:31 AM",Activity,4033137235
"Sep 9, 2020, 6:52:56 AM",Activity,4032266704
"Sep 9, 2020, 6:53:03 AM",Activity,4032266502
"Sep 9, 2020, 6:53:05 AM",Activity,4032266451
"Sep 9, 2020, 6:53:07 AM",Activity,4032266677
"Sep 10, 2020, 11:09:58 PM",Activity,4040836562
"Sep 12, 2020, 6:52:04 PM",Activity,4046520203
"Sep 12, 2020, 6:52:07 PM",Activity,4046497086
"Sep 12, 2020, 6:52:25 PM",Activity,4046395963
"Sep 12, 2020, 6:52:26 PM",Activity,4046470877
"Sep 12, 2020, 6:52:27 PM",Activity,4046396431
"Sep 12, 2020, 6:52:31 PM",Activity,4046579690
"Sep 12, 2020, 11:17:40 PM",Activity,4050758929
"Sep 12, 2020, 11:17:52 PM",Activity,4050856317
"Sep 13, 2020, 1:09:47 AM",Activity,4050931037
"Sep 13, 2020, 5:36:11 AM",Activity,4051534375
"Sep 13, 2020, 5:36:59 AM",Activity,4051517167
"Sep 13, 2020, 8:42:53 PM",Activity,4055477764
"Sep 13, 2020, 8:43:22 PM",Activity,4051771447
"Sep 13, 2020, 8:43:45 PM",Activity,4051792921
"Sep 13, 2020, 8:43:51 PM",Activity,4051771214
"Sep 14, 2020, 4:49:00 AM",Activity,4055535703
"Sep 14, 2020, 5:29:13 AM",Activity,4056488867
"Sep 14, 2020, 8:53:08 PM",Activity,4059530090
"Sep 15, 2020, 10:45:24 AM",Activity,4061819368
"Sep 15, 2020, 10:45:30 AM",Activity,4061528439
"Sep 15, 2020, 10:45:30 AM",Activity,4061461578
"Sep 15, 2020, 10:46:02 AM",Activity,4061343353
"Sep 16, 2020, 5:40:45 AM",Activity,4066479309
"Sep 16, 2020, 5:40:57 AM",Activity,4066504884
"Sep 16, 2020, 5:41:16 AM",Activity,4065115157
"Sep 16, 2020, 5:41:48 AM",Activity,4066503558
"Sep 16, 2020, 5:42:13 AM",Activity,4061500284
"Sep 16, 2020, 6:43:21 PM",Activity,4069521228
"Sep 16, 2020, 6:44:05 PM",Activity,4066796963
"Sep 17, 2020, 5:00:17 AM",Activity,4071450809
"Sep 17, 2020, 5:42:55 AM",Activity,4071485614
"Sep 17, 2020, 5:43:02 AM",Activity,4071524753
"Sep 18, 2020, 12:25:03 AM",Activity,4075501315
"Sep 21, 2020, 2:54:34 AM",Activity,4087830679
"Sep 22, 2020, 5:43:47 AM",Activity,4095115761
"Sep 22, 2020, 5:43:52 AM",Activity,4095073569
"Sep 22, 2020, 5:43:53 AM",Activity,4095070791
"Sep 22, 2020, 8:49:56 AM",Activity,4095413681
"Sep 23, 2020, 4:14:13 AM",Activity,4097405518
"Sep 23, 2020, 4:14:20 AM",Activity,4099234275
"Sep 23, 2020, 4:14:20 AM",Activity,4099234184
"Sep 23, 2020, 5:44:10 AM",Activity,4099950341
"Sep 24, 2020, 12:42:21 AM",Activity,4102638719
"Sep 24, 2020, 8:27:56 AM",Activity,4104583641
"Sep 24, 2020, 8:27:57 AM",Activity,4104783720
"Sep 25, 2020, 4:18:16 AM",Activity,4108761941
"Sep 25, 2020, 6:35:02 AM",Activity,4108914442
"Sep 25, 2020, 10:27:58 AM",Activity,4109393428
"Sep 26, 2020, 2:22:11 AM",Activity,4112365185
"Sep 26, 2020, 2:27:26 AM",Activity,4111928255
"Sep 26, 2020, 4:28:43 AM",Activity,4112558218
"Sep 26, 2020, 4:28:49 AM",Activity,4112558348
"Sep 26, 2020, 4:28:52 AM",Activity,4112558047
"Sep 26, 2020, 4:28:54 AM",Activity,4112557918
"Sep 26, 2020, 5:00:22 AM",Activity,4112045243
"Sep 29, 2020, 5:34:42 AM",Activity,4126385282
"Sep 29, 2020, 5:34:51 AM",Activity,4126308063
"Sep 29, 2020, 5:35:16 AM",Activity,4124071460
"Sep 30, 2020, 1:46:47 AM",Activity,4130569662
"Sep 30, 2020, 4:28:57 AM",Activity,4131008133
"Sep 30, 2020, 9:32:47 AM",Activity,4131680241
"Oct 1, 2020, 6:07:31 PM",Activity,4137745080
"Oct 1, 2020, 6:07:34 PM",Activity,4137744523
"Oct 1, 2020, 6:07:41 PM",Activity,4136182493
"Oct 1, 2020, 6:08:24 PM",Activity,4135562537
"Oct 3, 2020, 4:17:20 AM",Activity,4143603276
"Oct 4, 2020, 7:24:46 PM",Activity,4151280076
"Oct 4, 2020, 7:24:49 PM",Activity,4150562221
"Oct 5, 2020, 1:46:17 AM",Activity,4152021714
"Oct 5, 2020, 4:55:04 AM",Activity,4152957040
"Oct 5, 2020, 4:55:15 AM",Activity,4152907904
"Oct 5, 2020, 4:55:19 AM",Activity,4152817921
"Oct 5, 2020, 5:02:45 AM",Activity,4151798928
"Oct 5, 2020, 5:02:47 AM",Activity,4151798197
"Oct 5, 2020, 5:02:49 AM",Activity,4151797496
"Oct 6, 2020, 3:28:41 AM",Activity,4156365895
"Oct 7, 2020, 5:28:31 AM",Activity,4161473051
"Oct 8, 2020, 6:06:39 PM",Activity,4166609548
"Oct 9, 2020, 8:18:23 AM",Activity,4170596306
"Oct 9, 2020, 8:41:58 AM",Activity,4170845922
"Oct 9, 2020, 8:42:03 AM",Activity,4170845967
"Oct 9, 2020, 8:42:06 AM",Activity,4170846159
"Oct 9, 2020, 8:42:08 AM",Activity,4170845977
"Oct 9, 2020, 8:42:13 AM",Activity,4170216001
"Oct 9, 2020, 8:42:14 AM",Activity,4170845997
"Oct 9, 2020, 8:45:38 AM",Activity,4170183890
"Oct 10, 2020, 8:33:38 PM",Activity,4177005884
"Oct 10, 2020, 8:33:40 PM",Activity,4173989823
"Oct 10, 2020, 8:34:13 PM",Activity,4174267596
"Oct 11, 2020, 7:54:50 PM",Activity,4181198792
"Oct 11, 2020, 7:55:39 PM",Activity,4179232256
"Oct 11, 2020, 7:55:42 PM",Activity,4178885434
"Oct 11, 2020, 7:55:55 PM",Activity,4178769442
"Oct 12, 2020, 7:14:41 AM",Activity,4183087323
"Oct 13, 2020, 6:06:42 PM",Activity,4190320534
"Oct 15, 2020, 4:59:08 PM",Activity,4198682003
"Oct 15, 2020, 8:40:37 PM",Activity,4199395748
"Oct 15, 2020, 8:41:21 PM",Activity,4198260960
"Oct 16, 2020, 4:21:12 PM",Activity,4202788826
"Oct 17, 2020, 5:48:25 AM",Activity,4204393225
"Oct 17, 2020, 5:48:32 AM",Activity,4204342453
"Oct 17, 2020, 5:48:39 AM",Activity,4204121383
"Oct 18, 2020, 7:49:04 AM",Activity,4209297634
"Oct 19, 2020, 5:40:14 PM",Activity,4216332187
"Oct 21, 2020, 4:41:24 AM",Activity,4222787981
"Oct 21, 2020, 4:41:42 AM",Activity,4222799788
"Oct 22, 2020, 9:31:36 AM",Activity,4227589392
"Oct 22, 2020, 5:22:24 PM",Activity,4227455368
"Oct 23, 2020, 9:24:24 PM",Activity,4231824580
"Oct 24, 2020, 3:40:06 AM",Activity,4234586259
"Oct 24, 2020, 4:45:12 AM",Activity,4234949690
"Oct 25, 2020, 8:12:45 PM",Activity,4243550022
"Oct 26, 2020, 6:18:14 PM",Activity,4246573496
"Oct 27, 2020, 7:23:47 AM",Activity,4248493451
"Oct 27, 2020, 6:25:10 PM",Activity,4250497051
"Oct 27, 2020, 6:25:12 PM",Activity,4250496503
"Oct 27, 2020, 6:26:14 PM",Activity,4248591385
"Oct 28, 2020, 8:51:24 PM",Activity,4255855936
"Oct 30, 2020, 1:56:48 AM",Activity,4260543575
"Oct 30, 2020, 5:49:57 AM",Activity,4260764899
"Oct 30, 2020, 5:49:59 AM",Activity,4260763758
"Oct 30, 2020, 6:09:07 PM",Activity,4263189087
"Oct 31, 2020, 8:14:29 PM",Activity,4267975289
"Nov 1, 2020, 6:12:59 PM",Activity,4269490894
"Nov 1, 2020, 6:13:03 PM",Activity,4269429728
"Nov 1, 2020, 6:13:30 PM",Activity,4269484504
"Nov 1, 2020, 6:13:40 PM",Activity,4269496936
"Nov 2, 2020, 3:06:26 AM",Activity,4274142389
"Nov 2, 2020, 3:06:42 AM",Activity,4273155362
"Nov 2, 2020, 3:07:16 AM",Activity,4273154761
"Nov 2, 2020, 6:12:26 AM",Activity,4274369892
"Nov 3, 2020, 4:14:42 AM",Activity,4278455340
"Nov 3, 2020, 4:15:13 AM",Activity,4276654392
"Nov 3, 2020, 8:47:08 PM",Activity,4281467319
"Nov 3, 2020, 8:47:08 PM",Activity,4281436809
"Nov 4, 2020, 5:37:24 PM",Activity,4285861764
"Nov 4, 2020, 5:37:40 PM",Activity,4283789633
"Nov 4, 2020, 5:37:56 PM",Activity,4283817537
"Nov 4, 2020, 5:38:03 PM",Activity,4283782979
"Nov 5, 2020, 4:14:43 AM",Activity,4287915406
"Nov 5, 2020, 4:14:52 AM",Activity,4287816210
"Nov 5, 2020, 6:04:58 AM",Activity,4288052757
"Nov 5, 2020, 6:05:04 AM",Activity,4288031949
"Nov 5, 2020, 5:31:45 PM",Activity,4290347707
"Nov 5, 2020, 6:11:56 PM",Activity,4288108801
"Nov 5, 2020, 11:28:38 PM",Activity,4290828124
"Nov 6, 2020, 3:52:18 AM",Activity,4295072463
"Nov 6, 2020, 3:52:31 AM",Activity,4292156424
"Nov 8, 2020, 4:59:36 AM",Activity,4305196368
"Nov 8, 2020, 4:59:38 AM",Activity,4305030278
"Nov 9, 2020, 4:08:45 AM",Activity,4311056474
"Nov 9, 2020, 4:08:47 AM",Activity,4311051550
"Nov 9, 2020, 4:08:58 AM",Activity,4311025121
"Nov 9, 2020, 4:09:19 AM",Activity,4310190420
"Nov 9, 2020, 4:09:31 AM",Activity,4310283473
"Nov 9, 2020, 8:50:21 PM",Activity,4313299657
"Nov 11, 2020, 5:10:11 AM",Activity,4320558002
"Nov 11, 2020, 5:10:20 AM",Activity,4320235286
"Nov 11, 2020, 5:10:27 AM",Activity,4320316686
"Nov 11, 2020, 6:27:37 PM",Activity,4320964308
"Nov 11, 2020, 6:27:53 PM",Activity,4320678162
"Nov 11, 2020, 6:28:38 PM",Activity,4320673386
"Nov 11, 2020, 6:29:27 PM",Activity,4320912007
"Nov 15, 2020, 6:31:09 PM",Activity,4339319993
"Nov 15, 2020, 10:51:47 PM",Activity,4339414028
"Nov 15, 2020, 10:51:48 PM",Activity,4339357195
"Nov 17, 2020, 7:18:23 AM",Activity,4349066886
"Nov 20, 2020, 10:22:32 PM",Activity,4366290960
"Nov 20, 2020, 10:22:33 PM",Activity,4366347947
"Nov 20, 2020, 10:22:40 PM",Activity,4366008255
"Nov 25, 2020, 10:04:10 AM",Activity,4387371333
"Nov 25, 2020, 10:08:30 AM",Activity,4383029240
"Nov 26, 2020, 6:34:23 AM",Activity,4391644954
"Nov 26, 2020, 6:34:25 AM",Activity,4391644802
"Nov 26, 2020, 6:34:30 AM",Activity,4391571955
"Nov 26, 2020, 6:34:32 AM",Activity,4391594953
"Nov 27, 2020, 8:27:26 AM",Activity,4395659531
"Nov 27, 2020, 9:03:52 PM",Activity,4398953092
"Nov 27, 2020, 9:03:53 PM",Activity,4398952950
"Nov 27, 2020, 9:04:10 PM",Activity,4372459556
"Nov 29, 2020, 7:07:20 PM",Activity,4405411740
"Nov 30, 2020, 4:26:48 AM",Activity,4410478795
"Nov 30, 2020, 4:26:49 AM",Activity,4410480608
"Dec 2, 2020, 3:47:23 AM",Activity,4416765695
"Dec 8, 2020, 12:50:49 AM",Activity,4440518606
"Dec 12, 2020, 11:35:35 PM",Activity,4464237938
"Dec 17, 2020, 3:30:25 AM",Activity,4481409607
"Dec 17, 2020, 3:30:50 AM",Activity,4480007853
"Dec 17, 2020, 3:32:23 AM",Activity,4477206983
"Dec 18, 2020, 8:47:08 PM",Activity,4488339633
"Dec 18, 2020, 8:47:15 PM",Activity,4487785417
"Dec 18, 2020, 9:53:49 PM",Activity,4488442039
"Dec 18, 2020, 9:54:02 PM",Activity,4488138039
"Dec 20, 2020, 1:05:17 AM",Activity,4492241733
"Dec 20, 2020, 1:05:18 AM",Activity,4492238609
"Dec 21, 2020, 6:38:20 PM",Activity,4500740843
"Dec 24, 2020, 5:37:41 AM",Activity,4510472164
"Dec 24, 2020, 5:37:56 AM",Activity,4510532275
"Dec 24, 2020, 5:38:10 AM",Activity,4510531937
"Dec 24, 2020, 5:38:36 AM",Activity,4509173621
"Dec 24, 2020, 5:38:39 AM",Activity,4507342794
"Dec 24, 2020, 6:52:11 PM",Activity,4512667277
"Dec 24, 2020, 6:52:14 PM",Activity,4512874552
"Dec 24, 2020, 6:52:37 PM",Activity,4513415130
"Dec 24, 2020, 6:52:42 PM",Activity,4510661381
"Dec 24, 2020, 6:52:47 PM",Activity,4510627121
"Dec 24, 2020, 6:52:49 PM",Activity,4510594913
"Dec 26, 2020, 3:44:47 AM",Activity,4516690997
"Dec 26, 2020, 3:44:48 AM",Activity,4516688981
"Dec 27, 2020, 6:52:26 AM",Activity,4522699794
"Dec 27, 2020, 6:52:44 AM",Activity,4522796471
"Dec 27, 2020, 6:53:13 AM",Activity,4522337292
"Dec 27, 2020, 6:53:22 AM",Activity,4520945906
"Dec 28, 2020, 7:20:50 PM",Activity,4530784314
"Dec 28, 2020, 7:21:04 PM",Activity,4530452772
"Dec 29, 2020, 5:26:04 AM",Activity,4532376448
"Dec 29, 2020, 5:26:06 AM",Activity,4532376444
"Dec 29, 2020, 5:26:32 AM",Activity,4532227489
"Dec 29, 2020, 5:26:39 AM",Activity,4532404336
"Dec 30, 2020, 1:36:34 AM",Activity,4536860650
"Dec 30, 2020, 1:36:36 AM",Activity,4537013851
"Dec 30, 2020, 1:36:47 AM",Activity,4536373367
"Dec 31, 2020, 12:47:37 AM",Activity,4541363834
"Dec 31, 2020, 4:00:08 AM",Activity,4542136638
"Dec 31, 2020, 4:00:47 AM",Activity,4542018002
"Jan 3, 2021, 3:42:00 AM",Activity,4557780362
"Jan 3, 2021, 3:42:56 AM",Activity,4557364668
"Jan 3, 2021, 3:43:37 AM",Activity,4557105208
"Jan 3, 2021, 3:43:38 AM",Activity,4557607278
"Jan 3, 2021, 3:44:17 AM",Activity,4555624835
"Jan 3, 2021, 4:59:41 AM",Activity,4557797432
"Jan 3, 2021, 5:12:09 AM",Activity,4557736034
"Jan 3, 2021, 5:16:14 AM",Activity,4557891866
"Jan 3, 2021, 7:53:22 AM",Activity,4557937886
"Jan 3, 2021, 7:17:42 PM",Activity,4562195013
"Jan 4, 2021, 5:43:04 AM",Activity,4563986217
"Jan 4, 2021, 5:43:21 AM",Activity,4563979276
"Jan 4, 2021, 5:43:34 AM",Activity,4563878313
"Jan 5, 2021, 1:41:34 AM",Activity,4568788417
"Jan 5, 2021, 1:41:42 AM",Activity,4568388660
"Jan 5, 2021, 1:41:50 AM",Activity,4568370374
"Jan 5, 2021, 1:41:56 AM",Activity,4568241765
"Jan 5, 2021, 2:10:45 AM",Activity,4568863526
"Jan 5, 2021, 7:36:17 AM",Activity,4569118911
"Jan 5, 2021, 7:36:28 AM",Activity,4569118896
"Jan 5, 2021, 8:48:11 AM",Activity,4569118914
"Jan 8, 2021, 6:57:34 PM",Activity,4587921983
"Jan 10, 2021, 6:25:05 AM",Activity,4595146064
"Jan 19, 2021, 7:30:26 AM",Activity,4644814433
"Jan 20, 2021, 1:34:50 AM",Activity,4649363188
"Jan 20, 2021, 1:35:00 AM",Activity,4649430850
"Jan 20, 2021, 1:35:35 AM",Activity,4647554996
"Jan 22, 2021, 10:59:51 PM",Activity,4664364276
"Jan 22, 2021, 11:00:43 PM",Activity,4663965091
"Jan 26, 2021, 8:17:14 AM",Activity,4682304551
"Jan 28, 2021, 6:13:42 AM",Activity,4693115171
"Jan 28, 2021, 6:13:46 AM",Activity,4693115178
"Jan 28, 2021, 6:13:49 AM",Activity,4693115124
"Jan 29, 2021, 3:37:40 AM",Activity,4697960387
"Feb 5, 2021, 6:27:59 PM",Activity,4739578196
"Feb 5, 2021, 11:43:30 PM",Activity,4740702354
"Feb 5, 2021, 11:44:08 PM",Activity,4740283187
"Feb 7, 2021, 8:16:29 PM",Activity,4752079473
"Feb 7, 2021, 8:41:30 PM",Activity,4748641689
"Feb 8, 2021, 9:38:06 PM",Activity,4756372449
"Feb 11, 2021, 6:06:08 PM",Activity,4771063138
"Feb 11, 2021, 6:06:19 PM",Activity,4769233438
"Feb 11, 2021, 6:07:04 PM",Activity,4771476521
"Feb 12, 2021, 12:31:23 AM",Activity,4771247060
"Feb 12, 2021, 4:06:55 AM",Activity,4773438034
"Feb 12, 2021, 4:07:28 AM",Activity,4773438094
"Feb 12, 2021, 4:07:29 AM",Activity,4773438036
"Feb 12, 2021, 6:40:42 PM",Activity,4773542491
"Feb 12, 2021, 6:40:42 PM",Activity,4773992031
"Feb 12, 2021, 6:41:50 PM",Activity,4773506183
"Feb 13, 2021, 7:37:51 PM",Activity,4778160225
"Feb 14, 2021, 7:51:10 PM",Activity,4787622124
"Feb 14, 2021, 8:42:09 PM",Activity,4788334570
"Feb 14, 2021, 8:42:29 PM",Activity,4788125600
"Feb 15, 2021, 8:15:39 AM",Activity,4789243184
"Feb 15, 2021, 8:02:16 PM",Activity,4791974389
"Feb 16, 2021, 2:18:19 AM",Activity,4793467612
"Feb 16, 2021, 2:18:31 AM",Activity,4789909348
"Feb 16, 2021, 2:18:46 AM",Activity,4789415586
"Feb 17, 2021, 3:40:00 AM",Activity,4799433948
"Feb 17, 2021, 3:41:43 AM",Activity,4794283992
"Feb 18, 2021, 2:54:00 AM",Activity,4802055199
"Feb 21, 2021, 9:40:53 PM",Activity,4827193724
"Feb 23, 2021, 8:25:57 PM",Activity,4836207336
"Mar 1, 2021, 8:15:14 AM",Activity,4866786368
"Mar 6, 2021, 7:56:45 AM",Activity,4897547543
"Mar 6, 2021, 7:57:10 AM",Activity,4897446250
"Mar 6, 2021, 7:57:27 AM",Activity,4897445382
"Mar 7, 2021, 7:13:38 PM",Activity,4907534934
"Mar 7, 2021, 7:13:47 PM",Activity,4904669957
"Mar 10, 2021, 8:22:34 AM",Activity,4922025846
"Mar 10, 2021, 8:22:41 AM",Activity,4922025635
"Mar 10, 2021, 8:22:47 AM",Activity,4922040804
"Mar 10, 2021, 8:23:01 AM",Activity,4922095609
"Mar 10, 2021, 8:23:09 AM",Activity,4921881161
"Mar 10, 2021, 8:23:13 AM",Activity,4922024955
"Mar 10, 2021, 8:28:46 AM",Activity,4921842960
"Mar 10, 2021, 8:45:39 AM",Activity,4922326287
"Mar 12, 2021, 6:00:47 AM",Activity,4932193576
"Mar 12, 2021, 6:00:49 AM",Activity,4932148264
"Mar 12, 2021, 6:00:53 AM",Activity,4932155431
"Mar 12, 2021, 6:01:02 AM",Activity,4932144378
"Mar 15, 2021, 8:38:15 AM",Activity,4949197584
"Mar 15, 2021, 8:44:04 AM",Activity,4927170181
"Mar 15, 2021, 8:44:39 AM",Activity,4949239186
"Mar 15, 2021, 11:56:08 PM",Activity,4952496038
"Mar 15, 2021, 11:56:29 PM",Activity,4952187255
"Mar 17, 2021, 5:44:24 AM",Activity,4959796948
"Mar 19, 2021, 4:00:11 AM",Activity,4970476258
"Mar 19, 2021, 5:07:31 AM",Activity,4970105199
"Mar 20, 2021, 1:40:00 AM",Activity,4975069315
"Mar 20, 2021, 6:52:01 AM",Activity,4975632747
"Mar 20, 2021, 6:52:35 AM",Activity,4975739334
"Mar 20, 2021, 6:52:46 AM",Activity,4975619235
"Mar 20, 2021, 6:53:00 AM",Activity,4975657197
"Mar 20, 2021, 7:15:24 AM",Activity,4975849929
"Mar 24, 2021, 7:46:40 PM",Activity,5003743343
"Mar 24, 2021, 7:46:56 PM",Activity,5002560129
"Mar 24, 2021, 7:46:58 PM",Activity,5002445652
"Mar 25, 2021, 6:21:46 PM",Activity,5008005795
"Mar 25, 2021, 6:22:04 PM",Activity,5006104574
"Mar 25, 2021, 6:22:21 PM",Activity,5006172748
"Mar 25, 2021, 6:22:31 PM",Activity,5006344126
"Mar 25, 2021, 6:23:15 PM",Activity,5006021201
"Mar 25, 2021, 6:23:39 PM",Activity,5005990480
"Mar 25, 2021, 6:26:48 PM",Activity,5000364163
"Mar 25, 2021, 6:26:49 PM",Activity,5000216798
"Mar 25, 2021, 6:26:53 PM",Activity,5000170431
"Mar 25, 2021, 11:31:52 PM",Activity,5010024427
"Mar 26, 2021, 5:58:07 AM",Activity,5011698026
"Mar 26, 2021, 5:58:10 AM",Activity,5011698012
"Mar 26, 2021, 5:58:14 AM",Activity,5011654486
"Mar 26, 2021, 6:05:22 PM",Activity,5011824447
"Mar 28, 2021, 3:57:23 AM",Activity,5022530831
"Mar 28, 2021, 3:57:42 AM",Activity,5022682854
"Mar 28, 2021, 3:57:51 AM",Activity,5022315842
"Mar 28, 2021, 3:59:34 AM",Activity,5022744438
"Mar 29, 2021, 9:01:25 PM",Activity,5031194399
"Mar 30, 2021, 6:50:29 PM",Activity,5037235222
"Mar 30, 2021, 9:56:24 PM",Activity,5040317369
"Mar 30, 2021, 9:56:28 PM",Activity,5039862103
"Mar 31, 2021, 6:24:53 PM",Activity,5045172628
"Mar 31, 2021, 6:25:08 PM",Activity,5043869849
"Mar 31, 2021, 6:25:15 PM",Activity,5042021387
"Apr 2, 2021, 11:17:07 PM",Activity,5056899110
"Apr 2, 2021, 11:17:24 PM",Activity,5053581209
"Apr 2, 2021, 11:17:32 PM",Activity,5053542517
"Apr 4, 2021, 9:31:48 PM",Activity,5070371696
"Apr 4, 2021, 9:32:08 PM",Activity,5065229151
"Apr 5, 2021, 3:59:27 AM",Activity,5071054589
"Apr 5, 2021, 3:59:44 AM",Activity,5071249504
"Apr 5, 2021, 3:59:53 AM",Activity,5071125853
"Apr 9, 2021, 7:32:52 AM",Activity,5094594049
"Apr 9, 2021, 7:33:02 AM",Activity,5094427350
"Apr 9, 2021, 7:33:06 AM",Activity,5094427629
"Apr 9, 2021, 7:33:14 AM",Activity,5094496230
"Apr 9, 2021, 7:33:19 AM",Activity,5094426708
"Apr 19, 2021, 6:34:00 AM",Activity,5152841465
"Apr 19, 2021, 6:34:01 AM",Activity,5152811809
"Apr 19, 2021, 6:34:14 AM",Activity,5152898357
"Apr 19, 2021, 6:34:56 AM",Activity,5151531722
"Apr 21, 2021, 6:48:20 AM",Activity,5164211635
"Apr 21, 2021, 6:52:56 AM",Activity,5162849669
"Apr 21, 2021, 6:53:00 AM",Activity,5163792501
"Apr 21, 2021, 7:59:21 AM",Activity,5164777907
"Apr 25, 2021, 2:18:49 AM",Activity,5185148114
"Apr 25, 2021, 8:56:24 PM",Activity,5192874395
"May 2, 2021, 4:44:03 AM",Activity,5227152611
"May 2, 2021, 4:44:28 AM",Activity,5226923942
"May 2, 2021, 4:45:16 AM",Activity,5226689515
"May 2, 2021, 4:45:59 AM",Activity,5226823823
"May 2, 2021, 4:49:59 AM",Activity,5226511036
"May 11, 2021, 9:07:30 PM",Activity,5280731800
"May 17, 2021, 8:27:54 AM",Activity,5310557067
"May 17, 2021, 8:27:54 AM",Activity,5310686673
"May 17, 2021, 8:28:20 AM",Activity,5310552195
"May 17, 2021, 8:28:26 AM",Activity,5310514940
"May 17, 2021, 8:28:38 AM",Activity,5310430268
"May 30, 2021, 6:55:52 AM",Activity,5380638398
"May 30, 2021, 6:55:56 AM",Activity,5380673228
"May 30, 2021, 7:38:33 PM",Activity,5384632412
"May 30, 2021, 8:52:27 PM",Activity,5382885532
"May 30, 2021, 10:40:20 PM",Activity,5385177608
"Jun 14, 2021, 7:37:07 AM",Activity,5466681419
"Jun 14, 2021, 7:37:41 AM",Activity,5466525709
"Jun 17, 2021, 1:24:18 AM",Activity,5480972327
"Jun 28, 2021, 9:21:24 AM",Activity,5541209024
"Jun 28, 2021, 9:21:33 AM",Activity,5541027068
"Jun 28, 2021, 9:22:26 AM",Activity,5538656930
"Jun 28, 2021, 9:22:59 AM",Activity,5535249348
"Jul 5, 2021, 11:03:01 PM",Activity,5579821450
"Aug 22, 2021, 8:02:03 PM",Activity,5835584286
"Aug 26, 2021, 6:53:13 AM",Activity,5854550114
"Aug 26, 2021, 7:41:09 AM",Activity,5854757608
"Aug 30, 2021, 2:21:07 AM",Activity,5874587341
"Aug 30, 2021, 2:21:51 AM",Activity,5874784939
"Aug 30, 2021, 2:22:14 AM",Activity,5874451718
"Aug 30, 2021, 2:22:29 AM",Activity,5873426745
"Aug 31, 2021, 7:46:31 AM",Activity,5880578174
"Aug 31, 2021, 8:41:27 PM",Activity,5882772722
"Sep 1, 2021, 1:03:01 AM",Activity,5885369647
"Sep 1, 2021, 1:03:23 AM",Activity,5884883391
"Sep 2, 2021, 5:50:14 AM",Activity,5891459425
"Sep 2, 2021, 5:50:29 AM",Activity,5891463844
"Sep 5, 2021, 8:11:10 PM",Activity,5912345275
"Sep 5, 2021, 9:44:19 PM",Activity,5912452946
"Sep 8, 2021, 5:19:09 AM",Activity,5924587287
"Sep 8, 2021, 7:02:28 PM",Activity,5927708762
"Sep 12, 2021, 2:56:32 AM",Activity,5944898004
"Sep 12, 2021, 6:29:45 PM",Activity,5949723369
"Sep 16, 2021, 5:11:25 AM",Activity,5967687117
"Sep 16, 2021, 5:11:32 AM",Activity,5967628965
"Sep 16, 2021, 11:07:18 PM",Activity,5971576055
"Sep 21, 2021, 4:46:00 AM",Activity,5993833705
"Sep 23, 2021, 8:59:02 PM",Activity,6004915050
"Sep 23, 2021, 9:00:26 PM",Activity,6005178405
"Sep 23, 2021, 9:00:27 PM",Activity,6005178369
"Oct 4, 2021, 4:49:19 AM",Activity,6060678895
"Oct 4, 2021, 6:58:01 PM",Activity,6060806031
"Oct 4, 2021, 6:58:02 PM",Activity,6062444931
"Oct 4, 2021, 6:58:31 PM",Activity,6060805856
"Oct 4, 2021, 6:58:31 PM",Activity,6060985796
"Oct 4, 2021, 6:58:32 PM",Activity,6062444555
"Oct 5, 2021, 8:28:10 AM",Activity,6065659361
"Oct 5, 2021, 6:14:53 PM",Activity,6066027117
"Oct 6, 2021, 1:31:08 AM",Activity,6070031329
"Oct 6, 2021, 4:59:52 AM",Activity,6070445180
"Oct 6, 2021, 8:23:08 AM",Activity,6070636046
"Oct 6, 2021, 11:01:34 PM",Activity,6071149916
"Oct 6, 2021, 11:02:27 PM",Activity,6074257523
"Oct 6, 2021, 11:02:44 PM",Activity,6064484418
"Oct 6, 2021, 11:02:44 PM",Activity,6074256277
"Oct 7, 2021, 8:40:32 PM",Activity,6078788156
"Oct 8, 2021, 1:42:03 AM",Activity,6075441199
"Oct 8, 2021, 1:42:16 AM",Activity,6065228845
"Oct 8, 2021, 1:42:17 AM",Activity,6067797686
"Oct 8, 2021, 1:42:19 AM",Activity,6069883383
"Oct 8, 2021, 4:13:17 AM",Activity,6080207284
"Oct 8, 2021, 5:31:30 AM",Activity,6080391426
"Oct 8, 2021, 7:25:16 PM",Activity,6080685739
"Oct 12, 2021, 5:57:09 AM",Activity,6100251437
"Oct 12, 2021, 7:07:36 AM",Activity,6100275605
"Oct 12, 2021, 7:07:36 AM",Activity,6100271812
"Oct 12, 2021, 10:40:28 PM",Activity,6103909327
"Oct 12, 2021, 10:40:40 PM",Activity,6102664450
"Oct 13, 2021, 9:25:35 PM",Activity,6108943582
"Oct 13, 2021, 9:25:41 PM",Activity,6108943575
"Oct 13, 2021, 9:25:44 PM",Activity,6108943710
"Oct 13, 2021, 9:26:02 PM",Activity,6106010915
"Oct 13, 2021, 9:26:48 PM",Activity,6105615422
"Oct 13, 2021, 9:26:48 PM",Activity,6105543433
"Oct 13, 2021, 9:26:53 PM",Activity,6105587459
"Oct 14, 2021, 2:36:32 AM",Activity,6109752753
"Oct 14, 2021, 6:14:35 PM",Activity,6111039947
"Oct 15, 2021, 7:05:57 PM",Activity,6115020511
"Oct 15, 2021, 7:06:12 PM",Activity,6114902568
"Oct 16, 2021, 6:41:47 PM",Activity,6122538828
"Oct 16, 2021, 9:59:54 PM",Activity,6123066130
"Oct 18, 2021, 4:42:20 AM",Activity,6129700630
"Oct 18, 2021, 6:59:24 PM",Activity,6132458161
"Oct 19, 2021, 12:57:58 AM",Activity,6133648278
"Oct 24, 2021, 5:55:21 AM",Activity,6157661174
"Oct 24, 2021, 6:21:14 PM",Activity,6161485055
"Oct 25, 2021, 5:47:31 AM",Activity,6162986208
"Oct 26, 2021, 5:25:11 AM",Activity,6166966768
"Oct 27, 2021, 8:10:28 AM",Activity,6172673769
"Oct 27, 2021, 8:10:28 AM",Activity,6172450574
"Oct 28, 2021, 2:00:10 AM",Activity,6176480181
"Oct 28, 2021, 6:32:44 AM",Activity,6177151732
"Oct 28, 2021, 10:35:54 PM",Activity,6180493599
"Oct 30, 2021, 2:29:21 AM",Activity,6184932965
"Oct 30, 2021, 7:30:33 AM",Activity,6185554604
"Oct 30, 2021, 10:12:25 PM",Activity,6189229788
"Oct 30, 2021, 10:53:40 PM",Activity,6189192452
"Oct 30, 2021, 10:54:18 PM",Activity,6189321894
"Oct 31, 2021, 3:22:42 AM",Activity,6189921260
"Oct 31, 2021, 3:22:49 AM",Activity,6189879891
"Oct 31, 2021, 6:37:28 AM",Activity,6190174463
"Oct 31, 2021, 6:37:38 AM",Activity,6190159336
"Oct 31, 2021, 6:37:41 AM",Activity,6190138354
"Oct 31, 2021, 6:37:49 AM",Activity,6190155871
"Oct 31, 2021, 6:37:52 AM",Activity,6190113702
"Oct 31, 2021, 6:37:52 AM",Activity,6190114222
"Oct 31, 2021, 6:38:02 AM",Activity,6190043650
"Oct 31, 2021, 6:38:20 AM",Activity,6190169201
"Oct 31, 2021, 6:38:58 PM",Activity,6193899041
"Oct 31, 2021, 6:39:31 PM",Activity,6193501977
"Oct 31, 2021, 6:39:32 PM",Activity,6193504556
"Oct 31, 2021, 6:39:40 PM",Activity,6192461645
"Nov 1, 2021, 4:29:27 AM",Activity,6195127965
"Nov 2, 2021, 2:29:37 AM",Activity,6199421143
"Nov 2, 2021, 6:58:16 AM",Activity,6199908286
"Nov 3, 2021, 3:38:11 AM",Activity,6204309125
"Nov 4, 2021, 4:08:03 AM",Activity,6208968739
"Nov 4, 2021, 4:08:06 AM",Activity,6208962617
"Nov 4, 2021, 4:08:10 AM",Activity,6208962401
"Nov 4, 2021, 4:08:15 AM",Activity,6208619921
"Nov 4, 2021, 10:42:37 PM",Activity,6212590642
"Nov 4, 2021, 10:42:43 PM",Activity,6212527376
"Nov 6, 2021, 12:07:51 AM",Activity,6216904033
"Nov 6, 2021, 1:08:07 AM",Activity,6217032485
"Nov 6, 2021, 6:39:47 PM",Activity,6220671654
"Nov 6, 2021, 6:40:15 PM",Activity,6218071796
"Nov 7, 2021, 2:47:04 AM",Activity,6222218091
"Nov 7, 2021, 2:47:26 AM",Activity,6222116468
"Nov 7, 2021, 2:47:39 AM",Activity,6221937867
"Nov 7, 2021, 2:47:53 AM",Activity,6221944162
"Nov 7, 2021, 2:48:21 AM",Activity,6222115959
"Nov 7, 2021, 2:48:38 AM",Activity,6221915762
"Nov 7, 2021, 6:11:05 AM",Activity,6222456255
"Nov 11, 2021, 10:31:04 PM",Activity,6244161075
"Nov 11, 2021, 10:31:19 PM",Activity,6241641514
"Nov 12, 2021, 12:44:26 AM",Activity,6245460183
"Nov 12, 2021, 12:44:48 AM",Activity,6244566631
"Nov 12, 2021, 12:45:11 AM",Activity,6241353880
"Nov 12, 2021, 12:51:55 AM",Activity,6245563975
"Nov 12, 2021, 12:52:17 AM",Activity,6199822302
"Nov 12, 2021, 12:57:33 AM",Activity,6194960968
"Nov 12, 2021, 12:58:24 AM",Activity,6241162035
"Nov 12, 2021, 11:24:25 PM",Activity,6249179472
"Nov 14, 2021, 12:55:48 AM",Activity,6254173058
"Nov 14, 2021, 6:01:35 AM",Activity,6254619923
"Nov 14, 2021, 6:01:46 AM",Activity,6254729261
"Nov 14, 2021, 6:01:51 AM",Activity,6254632428
"Nov 14, 2021, 6:02:04 AM",Activity,6254654348
"Nov 15, 2021, 11:36:29 PM",Activity,6263349705
"Nov 17, 2021, 7:00:02 AM",Activity,6268789930
"Nov 17, 2021, 7:00:03 AM",Activity,6268819642
"Nov 17, 2021, 7:00:21 AM",Activity,6268418302
"Nov 17, 2021, 7:00:23 AM",Activity,6268224225
"Nov 17, 2021, 7:00:25 AM",Activity,6267816948
"Nov 17, 2021, 7:00:32 AM",Activity,6268507783
"Nov 20, 2021, 5:48:09 AM",Activity,6281344289
"Nov 20, 2021, 5:48:53 AM",Activity,6281254017
"Nov 20, 2021, 11:46:54 PM",Activity,6284951037
"Nov 20, 2021, 11:47:24 PM",Activity,6285097540
"Nov 20, 2021, 11:47:50 PM",Activity,6284890724
"Nov 20, 2021, 11:51:06 PM",Activity,6282982753
"Nov 20, 2021, 11:51:25 PM",Activity,6281574825
"Nov 21, 2021, 12:54:22 AM",Activity,6285488720
"Nov 21, 2021, 2:21:16 AM",Activity,6285791048
"Nov 21, 2021, 2:35:04 AM",Activity,6285704687
"Nov 21, 2021, 2:35:32 AM",Activity,6285790949
"Nov 21, 2021, 2:35:40 AM",Activity,6285432221
"Nov 21, 2021, 4:33:32 AM",Activity,6285896444
"Nov 22, 2021, 6:14:18 AM",Activity,6291014463
"Nov 22, 2021, 6:42:20 PM",Activity,6291313104
"Nov 22, 2021, 6:43:05 PM",Activity,6291009574
"Nov 23, 2021, 11:47:24 PM",Activity,6298319580
"Nov 24, 2021, 6:11:05 AM",Activity,6299735034
"Nov 24, 2021, 6:11:17 AM",Activity,6299683362
"Nov 24, 2021, 5:52:36 PM",Activity,6302008451
"Nov 24, 2021, 5:59:27 PM",Activity,6300044518
"Nov 24, 2021, 5:59:29 PM",Activity,6299884863
"Nov 24, 2021, 5:59:57 PM",Activity,6300375990
"Nov 24, 2021, 5:59:59 PM",Activity,6300375337
"Nov 27, 2021, 6:22:26 AM",Activity,6311645192
"Nov 27, 2021, 6:22:48 AM",Activity,6311573577
"Nov 28, 2021, 4:25:56 AM",Activity,6315586637
"Nov 28, 2021, 4:26:01 AM",Activity,6315525292
"Nov 28, 2021, 4:26:55 AM",Activity,6311469323
"Nov 28, 2021, 4:30:10 AM",Activity,6311594576
"Nov 28, 2021, 4:30:11 AM",Activity,6314756945
"Nov 28, 2021, 5:06:51 AM",Activity,6315370266
"Nov 28, 2021, 5:07:19 AM",Activity,6315386243
"Nov 28, 2021, 5:08:13 AM",Activity,6315246883
"Nov 28, 2021, 5:08:34 AM",Activity,6315357024
"Nov 28, 2021, 5:08:43 AM",Activity,6314874818
"Nov 28, 2021, 5:08:53 AM",Activity,6315385837
"Nov 28, 2021, 5:50:54 AM",Activity,6315720246
"Nov 28, 2021, 5:51:21 AM",Activity,6315665161
"Nov 28, 2021, 5:52:10 AM",Activity,6315729926
"Nov 28, 2021, 6:14:18 PM",Activity,6316851243
"Nov 29, 2021, 8:59:56 AM",Activity,6320566248
"Nov 30, 2021, 2:57:41 AM",Activity,6323558361
"Nov 30, 2021, 6:26:31 AM",Activity,6263305891
"Nov 30, 2021, 7:11:47 AM",Activity,6324317246
"Dec 1, 2021, 5:23:43 PM",Activity,6328825069
"Dec 1, 2021, 6:15:51 PM",Activity,6328801228
"Dec 1, 2021, 8:07:01 PM",Activity,6329125599
"Dec 2, 2021, 5:38:06 AM",Activity,6332310805
"Dec 2, 2021, 6:15:35 AM",Activity,6332713993
"Dec 3, 2021, 6:42:54 AM",Activity,6336717066
"Dec 3, 2021, 6:43:46 AM",Activity,6323046253
"Dec 4, 2021, 1:01:28 AM",Activity,6339944636
"Dec 4, 2021, 1:01:30 AM",Activity,6339932821
"Dec 4, 2021, 1:01:51 AM",Activity,6339697364
"Dec 5, 2021, 12:24:01 AM",Activity,6344154725
"Dec 5, 2021, 12:24:34 AM",Activity,6344123822
"Dec 5, 2021, 6:02:17 PM",Activity,6344728529
"Dec 5, 2021, 6:02:33 PM",Activity,6344716043
"Dec 6, 2021, 5:46:20 PM",Activity,6349857797
"Dec 7, 2021, 6:37:13 AM",Activity,6353134253
"Dec 7, 2021, 6:37:48 AM",Activity,6353082696
"Dec 7, 2021, 6:38:17 AM",Activity,6353068711
"Dec 8, 2021, 12:02:38 AM",Activity,6356259969
"Dec 9, 2021, 6:20:22 AM",Activity,6361334634
"Dec 9, 2021, 6:20:30 AM",Activity,6361313359
"Dec 10, 2021, 11:23:04 PM",Activity,6367904558
"Dec 10, 2021, 11:23:17 PM",Activity,6367737531
"Dec 10, 2021, 11:24:25 PM",Activity,6365101411
"Dec 10, 2021, 11:24:31 PM",Activity,6360242491
"Dec 10, 2021, 11:24:37 PM",Activity,6357337520
"Dec 10, 2021, 11:24:40 PM",Activity,6353003080
"Dec 11, 2021, 12:48:35 AM",Activity,6368102742
"Dec 11, 2021, 2:08:05 AM",Activity,6368177599
"Dec 11, 2021, 3:06:15 AM",Activity,6368481347
"Dec 11, 2021, 3:07:24 AM",Activity,6368416342
"Dec 11, 2021, 3:07:31 AM",Activity,6368260236
"Dec 12, 2021, 12:08:47 AM",Activity,6372296141
"Dec 12, 2021, 12:09:24 AM",Activity,6372204639
"Dec 12, 2021, 12:09:46 AM",Activity,6372080188
"Dec 12, 2021, 12:10:18 AM",Activity,6371904766
"Dec 12, 2021, 12:49:55 AM",Activity,6372502488
"Dec 12, 2021, 12:49:57 AM",Activity,6372457679
"Dec 12, 2021, 3:28:00 AM",Activity,6372752279
"Dec 12, 2021, 3:28:43 AM",Activity,6372750110
"Dec 12, 2021, 3:28:55 AM",Activity,6372540753
"Dec 12, 2021, 4:10:47 AM",Activity,6372752872
"Dec 12, 2021, 5:54:45 PM",Activity,6375904173
"Dec 12, 2021, 5:55:11 PM",Activity,6375893852
"Dec 14, 2021, 7:35:37 AM",Activity,6381465351
"Dec 14, 2021, 7:35:39 AM",Activity,6381470027
"Dec 14, 2021, 7:35:43 AM",Activity,6381354220
"Dec 14, 2021, 7:35:47 AM",Activity,6381342421
"Dec 14, 2021, 8:37:29 PM",Activity,6383906265
"Dec 15, 2021, 5:12:30 AM",Activity,6385482809
"Dec 16, 2021, 6:10:14 AM",Activity,6389548910
"Dec 17, 2021, 9:03:23 PM",Activity,6395890042
"Dec 17, 2021, 9:03:39 PM",Activity,6393527959
"Dec 17, 2021, 9:03:59 PM",Activity,6393390979
"Dec 17, 2021, 9:04:00 PM",Activity,6393385444
"Dec 17, 2021, 9:34:12 PM",Activity,6395249415
"Dec 17, 2021, 9:34:40 PM",Activity,6393314530
"Dec 17, 2021, 9:34:53 PM",Activity,6393233683
"Dec 17, 2021, 9:35:36 PM",Activity,6392999754
"Dec 17, 2021, 9:36:31 PM",Activity,6389735748
"Dec 17, 2021, 9:36:39 PM",Activity,6389735605
"Dec 17, 2021, 9:37:34 PM",Activity,6389534898
"Dec 17, 2021, 9:37:57 PM",Activity,6389427472
"Dec 17, 2021, 9:39:07 PM",Activity,6389414512
"Dec 20, 2021, 6:46:51 AM",Activity,6405514496
"Dec 20, 2021, 6:47:01 AM",Activity,6405357606
"Dec 23, 2021, 6:03:39 PM",Activity,6417495192
"Dec 23, 2021, 6:03:57 PM",Activity,6417552097
"Dec 23, 2021, 6:04:17 PM",Activity,6417971582
"Dec 25, 2021, 10:23:18 PM",Activity,6426951984
"Dec 25, 2021, 10:23:27 PM",Activity,6426897529
"Dec 25, 2021, 10:23:47 PM",Activity,6426826551
"Dec 25, 2021, 10:23:49 PM",Activity,6426767940
"Dec 25, 2021, 10:23:56 PM",Activity,6426518559
"Dec 25, 2021, 11:42:04 PM",Activity,6427162049
"Dec 25, 2021, 11:42:16 PM",Activity,6427112224
"Dec 26, 2021, 4:29:45 AM",Activity,6427556472
"Dec 31, 2021, 12:14:49 AM",Activity,6448916379
"Jan 5, 2022, 7:00:15 AM",Activity,6474808595
"Jan 5, 2022, 7:01:02 AM",Activity,6474759804
"Jan 6, 2022, 6:10:11 AM",Activity,6479649680
"Jan 6, 2022, 6:10:23 AM",Activity,6479646719
"Jan 7, 2022, 5:39:44 AM",Activity,6484659198
"Jan 7, 2022, 7:08:18 AM",Activity,6484705914
"Jan 8, 2022, 8:53:15 AM",Activity,6489237679
"Jan 8, 2022, 8:53:52 AM",Activity,6489114667
"Jan 8, 2022, 7:23:28 PM",Activity,6492737208
"Jan 8, 2022, 7:23:41 PM",Activity,6490540082
"Jan 8, 2022, 9:48:36 PM",Activity,6493187769
"Jan 9, 2022, 12:07:45 AM",Activity,6493507957
"Jan 9, 2022, 12:07:47 AM",Activity,6493558647
"Jan 9, 2022, 3:17:58 AM",Activity,6493838364
"Jan 10, 2022, 6:56:46 AM",Activity,6499919327
"Jan 11, 2022, 5:01:52 AM",Activity,6504455546
"Jan 11, 2022, 5:02:37 AM",Activity,6504483313
"Jan 11, 2022, 5:03:02 AM",Activity,6504347206
"Jan 11, 2022, 6:42:17 AM",Activity,6504680698
"Jan 11, 2022, 6:42:36 AM",Activity,6504469244
"Jan 12, 2022, 5:58:44 AM",Activity,6509945978
"Jan 13, 2022, 2:57:05 AM",Activity,6513485116
"Jan 13, 2022, 2:57:17 AM",Activity,6513485108
"Jan 15, 2022, 10:45:46 PM",Activity,6529663501
"Jan 16, 2022, 6:57:25 PM",Activity,6534834463
"Jan 17, 2022, 5:03:47 AM",Activity,6536285095
"Jan 17, 2022, 5:04:14 AM",Activity,6536179245
"Jan 17, 2022, 6:54:16 AM",Activity,6536455059
"Jan 17, 2022, 6:54:34 AM",Activity,6536414320
"Jan 17, 2022, 6:54:49 AM",Activity,6536441327
"Jan 17, 2022, 6:54:54 AM",Activity,6536371356
"Jan 17, 2022, 6:54:58 AM",Activity,6536349306
"Jan 17, 2022, 6:55:29 AM",Activity,6536125802
"Jan 23, 2022, 12:34:44 AM",Activity,6566162505
"Jan 23, 2022, 12:34:51 AM",Activity,6566163916
"Jan 23, 2022, 12:35:34 AM",Activity,6565843294
"Jan 23, 2022, 12:35:48 AM",Activity,6565657920
"Jan 23, 2022, 12:36:00 AM",Activity,6565977361
"Jan 23, 2022, 12:36:02 AM",Activity,6565708466
"Jan 25, 2022, 4:53:49 AM",Activity,6577438497
"Jan 25, 2022, 4:54:22 AM",Activity,6577438439
"Jan 25, 2022, 4:54:39 AM",Activity,6577335005
"Jan 25, 2022, 4:54:42 AM",Activity,6577422309
"Jan 25, 2022, 4:55:13 AM",Activity,6577132062
"Jan 25, 2022, 4:55:31 AM",Activity,6576564880
"Jan 25, 2022, 4:55:58 AM",Activity,6576564372
"Jan 25, 2022, 4:56:11 AM",Activity,6576617363
"Jan 25, 2022, 7:15:58 PM",Activity,6579987851
"Jan 25, 2022, 7:16:29 PM",Activity,6577489301
"Jan 26, 2022, 3:01:50 AM",Activity,6582595583
"Jan 27, 2022, 7:16:03 AM",Activity,6588024051
"Jan 27, 2022, 7:16:08 AM",Activity,6587994449
"Jan 27, 2022, 7:16:13 AM",Activity,6587986623
"Jan 27, 2022, 7:20:15 AM",Activity,6587522168
"Jan 27, 2022, 7:20:27 AM",Activity,6587591951
"Jan 29, 2022, 11:54:35 PM",Activity,6601772564
"Jan 29, 2022, 11:54:50 PM",Activity,6601765154
"Jan 29, 2022, 11:55:11 PM",Activity,6601416729
"Jan 30, 2022, 8:35:54 AM",Activity,6602786002
"Feb 1, 2022, 7:17:36 AM",Activity,6612639878
"Feb 1, 2022, 7:17:45 AM",Activity,6611890732
"Feb 1, 2022, 7:18:01 AM",Activity,6611503761
"Feb 1, 2022, 7:48:18 AM",Activity,6613021426
"Feb 1, 2022, 7:48:20 AM",Activity,6613021407
"Feb 2, 2022, 5:33:00 AM",Activity,6618377957
"Feb 3, 2022, 4:25:29 AM",Activity,6623200298
"Feb 3, 2022, 4:25:32 AM",Activity,6623383864
"Feb 3, 2022, 4:25:33 AM",Activity,6623383911
"Feb 4, 2022, 7:22:56 PM",Activity,6628540681
"Feb 4, 2022, 7:23:03 PM",Activity,6628947678
"Feb 4, 2022, 7:23:17 PM",Activity,6628353341
"Feb 4, 2022, 7:23:37 PM",Activity,6628448639
"Feb 5, 2022, 7:46:33 PM",Activity,6636695647
"Feb 5, 2022, 7:46:50 PM",Activity,6632668885
"Feb 5, 2022, 7:46:51 PM",Activity,6632586766
"Feb 5, 2022, 7:46:56 PM",Activity,6636297198
"Feb 5, 2022, 7:47:12 PM",Activity,6632666534
"Feb 5, 2022, 7:47:13 PM",Activity,6632693925
"Feb 5, 2022, 7:47:44 PM",Activity,6632586381
"Feb 5, 2022, 7:47:47 PM",Activity,6632668732
"Feb 6, 2022, 2:33:39 AM",Activity,6637882977
"Feb 6, 2022, 2:34:10 AM",Activity,6637320862
"Feb 6, 2022, 2:34:15 AM",Activity,6637246210
"Feb 6, 2022, 2:34:18 AM",Activity,6637822766
"Feb 6, 2022, 6:05:44 PM",Activity,6638570166
"Feb 6, 2022, 6:06:56 PM",Activity,6638398884
"Feb 7, 2022, 12:15:10 AM",Activity,6643062918
"Feb 7, 2022, 12:15:10 AM",Activity,6643077249
"Feb 7, 2022, 12:15:28 AM",Activity,6642861835
"Feb 7, 2022, 12:15:31 AM",Activity,6642861657
"Feb 7, 2022, 12:15:45 AM",Activity,6642681671
"Feb 9, 2022, 7:27:41 AM",Activity,6654096167
"Feb 10, 2022, 3:10:07 AM",Activity,6659031028
"Feb 11, 2022, 2:50:22 AM",Activity,6664232597
"Feb 11, 2022, 4:54:07 AM",Activity,6664458377
"Feb 11, 2022, 4:54:17 AM",Activity,6664431933
"Feb 12, 2022, 5:05:34 AM",Activity,6669070354
"Feb 12, 2022, 5:05:47 AM",Activity,6668970059
"Feb 13, 2022, 2:22:40 AM",Activity,6674172715
"Feb 13, 2022, 2:24:28 AM",Activity,6674056632
"Feb 13, 2022, 2:24:29 AM",Activity,6673670797
"Feb 13, 2022, 2:25:00 AM",Activity,6673781845
"Feb 13, 2022, 2:25:11 AM",Activity,6673833919
"Feb 13, 2022, 2:26:59 AM",Activity,6673520010
"Feb 13, 2022, 2:27:45 AM",Activity,6669107092
"Feb 13, 2022, 2:28:15 AM",Activity,6669291054
"Feb 14, 2022, 1:46:04 AM",Activity,6679559565
"Feb 14, 2022, 1:46:18 AM",Activity,6675231349
"Feb 14, 2022, 7:36:08 PM",Activity,6683302790
"Feb 14, 2022, 7:36:09 PM",Activity,6683252137
"Feb 14, 2022, 7:36:14 PM",Activity,6683056558
"Feb 14, 2022, 7:36:15 PM",Activity,6683301293
"Feb 14, 2022, 7:36:20 PM",Activity,6680746895
"Feb 14, 2022, 7:36:49 PM",Activity,6680629101
"Feb 15, 2022, 3:27:51 AM",Activity,6684607802
"Feb 15, 2022, 3:28:06 AM",Activity,6684249119
"Feb 15, 2022, 3:30:06 AM",Activity,6684061928
"Feb 15, 2022, 9:45:36 PM",Activity,6688126562
"Feb 15, 2022, 9:46:09 PM",Activity,6685142344
"Feb 15, 2022, 9:46:19 PM",Activity,6685056912
"Feb 15, 2022, 9:46:23 PM",Activity,6685006371
"Feb 15, 2022, 9:46:28 PM",Activity,6685149707
"Feb 15, 2022, 9:46:35 PM",Activity,6684994830
"Feb 15, 2022, 11:32:33 PM",Activity,6688779776
"Feb 16, 2022, 9:16:48 PM",Activity,6693775052
"Feb 16, 2022, 11:31:17 PM",Activity,6694165297
"Feb 18, 2022, 1:13:10 AM",Activity,6699584934
"Feb 18, 2022, 1:13:25 AM",Activity,6699060476
"Feb 18, 2022, 1:13:39 AM",Activity,6699044230
"Feb 18, 2022, 5:35:02 AM",Activity,6699733381
"Feb 18, 2022, 5:35:17 AM",Activity,6699720315
"Feb 18, 2022, 5:35:27 AM",Activity,6699639993
"Feb 18, 2022, 5:35:38 AM",Activity,6699928599
"Feb 18, 2022, 5:35:50 AM",Activity,6700011814
"Feb 18, 2022, 5:46:44 AM",Activity,6699845530
"Feb 18, 2022, 5:46:54 AM",Activity,6700042961
"Feb 18, 2022, 9:26:45 PM",Activity,6702917724
"Feb 18, 2022, 9:41:50 PM",Activity,6702856830
"Feb 18, 2022, 9:42:15 PM",Activity,6702800984
"Feb 18, 2022, 9:43:02 PM",Activity,6702715705
"Feb 18, 2022, 9:44:29 PM",Activity,6700391257
"Feb 18, 2022, 9:45:10 PM",Activity,6700318345
"Feb 18, 2022, 9:45:27 PM",Activity,6700362994
"Feb 18, 2022, 9:46:02 PM",Activity,6700226011
"Feb 18, 2022, 9:46:11 PM",Activity,6700212560
"Feb 18, 2022, 10:48:07 PM",Activity,6703200622
"Feb 18, 2022, 10:49:32 PM",Activity,6700363772
"Feb 19, 2022, 12:16:59 AM",Activity,6703452001
"Feb 19, 2022, 2:16:57 AM",Activity,6703893017
"Feb 19, 2022, 2:16:59 AM",Activity,6703832456
"Feb 19, 2022, 2:17:16 AM",Activity,6703786933
"Feb 19, 2022, 4:38:10 AM",Activity,6704025751
"Feb 19, 2022, 6:20:56 AM",Activity,6704268851
"Feb 20, 2022, 5:15:54 AM",Activity,6709352452
"Feb 20, 2022, 5:16:24 AM",Activity,6709262063
"Feb 20, 2022, 5:17:07 AM",Activity,6709263344
"Feb 21, 2022, 5:20:38 AM",Activity,6714649216
"Feb 21, 2022, 6:25:44 AM",Activity,6714722079
"Feb 21, 2022, 6:27:30 AM",Activity,6714588596
"Feb 21, 2022, 6:27:44 AM",Activity,6714533268
"Feb 22, 2022, 6:28:59 PM",Activity,6719402603
"Feb 22, 2022, 6:29:14 PM",Activity,6719492869
"Feb 23, 2022, 1:07:11 AM",Activity,6724032144
"Feb 24, 2022, 8:57:32 PM",Activity,6729884731
"Feb 24, 2022, 8:57:38 PM",Activity,6729888822
"Feb 24, 2022, 8:58:10 PM",Activity,6729857597
"Feb 24, 2022, 8:58:13 PM",Activity,6729857555
"Feb 24, 2022, 8:58:48 PM",Activity,6729771239
